Trip_ID,Mode_of_Transport,Departure_Station,Arrival_Station,Departure_Time,Passenger_Count,Fare_Amount,Trip_Duration_Minutes,Trip_Date,Day_of_Week,,
TRIP0001,FERRY,West End,airport,2024-01-01 06:00:00,21,4.343642066,26,2024-01-01,Sunday,,F
TRIP0002,Tram,North Station,Downtown,2024-01-01 06:01:00,46,20.67338004,134,2024-01-01,Saturday,,F
TRIP0003,bus,Central,North Station,2024-01-01 06:02:00,91,,,2024-01-01,Tuesday,,F
TRIP0004,FERRY,Downtown,Central,2024-01-01 06:03:00,27,3.767487285,,2024-01-01,Sunday,,F
TRIP0005,Ferry,Downtown,Central,2024-01-01 06:04:00,66,,,2024-01-01,Monday,,F
TRIP0006,fErry,South Point,South Point,2024-01-01 06:05:00,41,5.99440589,50,2024-01-01,Thursday,,T
TRIP0007,bus,West End,West End,2024-01-01 06:06:00,13,40.5076429,100,2024-01-01,Saturday,,T
TRIP0008,FERRY,Central,South Point,2024-01-01 06:07:00,9,,14,2024-01-01,Saturday,,F
TRIP0009,Train,West End,North Station,2024-01-01 06:08:00,36,4.079665525,172,2024-01-01,Saturday,,F
TRIP0010,Ferry, Central ,South Point,2024-01-01 06:09:00,86,47.77820276,132,2024-01-01,Wednesday,,F
TRIP0011,FERRY,South Point,Airport,2024-01-01 06:10:00,90,26.36754167,156,2024-01-01,Tuesday,,F
TRIP0012,Ferry,South Point,Central,2024-01-01 06:11:00,58,15.32850106,103,2024-01-01,Thursday,,F
TRIP0013,Ferry,Downtown,Central,2024-01-01 06:12:00,54,4.304672726,176,2024-01-01,Thursday,,F
TRIP0014,bus,West End,Downtown,2024-01-01 06:13:00,12,25.28090127,116,2024-01-01,Saturday,,F
TRIP0015,Tram,Airport,Downtown,2024-01-01 06:14:00,81,39.82851945,64,2024-01-01,Thursday,,F
TRIP0016,Ferry,Downtown,North Station,2024-01-01 06:15:00,78,35.50078062,91,2024-01-01,Tuesday,,F
TRIP0017,train,West End,Airport,2024-01-01 06:16:00,14,2.986187567,149,2024-01-01,Tuesday,,F
TRIP0018,bus,Downtown,West End,2024-01-01 06:17:00,34,4.108640851,69,2024-01-01,Friday,,F
TRIP0019,Train,Airport,South Point,2024-01-01 06:18:00,53,20.44222749,61,2024-01-01,Sunday,,F
TRIP0020,Tram,North Station,North Station,2024-01-01 06:19:00,20,15.11687946,110,2024-01-01,Sunday,,T
TRIP0021,train,North Station,Downtown,2024-01-01 06:20:00,75,12.00302399,13,2024-01-01,Friday,,F
TRIP0022,train,North Station,South Point,2024-01-01 06:21:00,16,,26,2024-01-01,Monday,,F
TRIP0023,fErry,North Station,Downtown,2024-01-01 06:22:00,95,40.27239579,145,2024-01-01,Sunday,,F
TRIP0024,BUS,Central,South Point,2024-01-01 06:23:00,70,46.49678865,93,2024-01-01,Tuesday,,F
TRIP0025,bus,North Station,West End,2024-01-01 06:24:00,56,20.55258338,22,2024-01-02,Tuesday,,F
TRIP0026,Bus,Airport,North Station,2024-01-01 06:25:00,83,45.35249461,119,2024-01-02,Sunday,,F
TRIP0027,Tram,South Point,South Point,2024-01-01 06:26:00,58,16.41403721,,2024-01-02,Tuesday,,T
TRIP0028,Train,South Point,Airport,2024-01-01 06:27:00,4,24.08363082,149,2024-01-02,Friday,,F
TRIP0029,train,Central,Central,2024-01-01 06:28:00,,11.68843539,147,2024-01-02,Saturday,,T
TRIP0030,fErry,North Station,Airport,2024-01-01 06:29:00,20,,110,2024-01-02,Saturday,,F
TRIP0031,Tram,North Station,Airport,2024-01-01 06:30:00,,48.9595652,19,2024-01-02,Thursday,,F
TRIP0032,Bus,North Station,Central,2024-01-01 06:31:00,24,30.37290825,67,2024-01-02,Saturday,,F
TRIP0033,Bus,Downtown,Airport,2024-01-01 06:32:00,,,171,2024-01-02,Wednesday,,F
TRIP0034,Ferry,West End,South Point,2024-01-01 06:33:00,26,32.56696358,17,2024-01-02,Friday,,F
TRIP0035,Ferry,Downtown,South Point,2024-01-01 06:34:00,37,,85,2024-01-02,Tuesday,,F
TRIP0036,FERRY, Central ,South Point,2024-01-01 06:35:00,85,44.48862447,36,2024-01-02,Sunday,,F
TRIP0037,Train,North Station,Central,2024-01-01 06:36:00,54,25.40265556,141,2024-01-02,Saturday,,F
TRIP0038,Tram,North Station,Airport,2024-01-01 06:37:00,21,22.74281223,44,2024-01-02,Friday,,F
TRIP0039,Tram,Downtown,Central,2024-01-01 06:38:00,74,29.50030703,152,2024-01-02,Saturday,,F
TRIP0040,FERRY,Downtown,South Point,2024-01-01 06:39:00,38,31.42680121,,2024-01-02,Monday,,F
TRIP0041,train,West End,Airport,2024-01-01 06:40:00,46,,81,2024-01-02,Tuesday,,F
TRIP0042,train,South Point,Airport,2024-01-01 06:41:00,4,34.28955245,80,2024-01-02,Monday,,F
TRIP0043,FERRY,West End,Downtown,2024-01-01 06:42:00,60,12.47561818,176,2024-01-02,Tuesday,,F
TRIP0044,train,Downtown,Downtown,2024-01-01 06:43:00,57,35.84065531,42,2024-01-02,Friday,,T
TRIP0045,Ferry,Airport,West End,2024-01-01 06:44:00,45,41.21547232,75,2024-01-02,Thursday,,F
TRIP0046,fErry,Downtown,North Station,2024-01-01 06:45:00,20,40.29594612,52,2024-01-02,Saturday,,F
TRIP0047,FERRY,Airport,Downtown,2024-01-01 06:46:00,17,27.84879789,22,2024-01-02,Saturday,,F
TRIP0048,Tram,Central,Central,2024-01-01 06:47:00,71,26.24840967,148,2024-01-02,Wednesday,,T
TRIP0049,Bus,Downtown,Downtown,2024-01-01 06:48:00,4,7.572360086,43,2024-01-03,Sunday,,T
TRIP0050,Ferry,Central,West End,2024-01-01 06:49:00,,38.87963444,93,2024-01-03,Monday,,F
TRIP0051,bus,South Point,Airport,2024-01-01 06:50:00,14,13.93476433,66,2024-01-03,Saturday,,F
TRIP0052,Ferry,West End,West End,2024-01-01 06:51:00,3,25.08642343,145,2024-01-03,Friday,,T
TRIP0053,FERRY,Airport,Airport,2024-01-01 06:52:00,88,14.5715676,113,2024-01-03,Thursday,,T
TRIP0054,bus,West End,Airport,2024-01-01 06:53:00,80,,85,2024-01-03,Sunday,,F
TRIP0055,Bus,Central,North Station,2024-01-01 06:54:00,58,31.663106,,2024-01-03,Friday,,F
TRIP0056,FERRY,Airport,Downtown,2024-01-01 06:55:00,55,3.189435724,81,2024-01-03,Monday,,F
TRIP0057,Train,West End,Central,2024-01-01 06:56:00,4,37.55793909,94,2024-01-03,Wednesday,,F
TRIP0058,Tram,Downtown,Central,2024-01-01 06:57:00,24,16.22054637,18,2024-01-03,Saturday,,F
TRIP0059,Bus,North Station,South Point,2024-01-01 06:58:00,34,0.5066673037,99,2024-01-03,Friday,,F
TRIP0060,Tram,Central,Airport,2024-01-01 06:59:00,30,25.80089239,58,2024-01-03,Sunday,,F
TRIP0061,train,West End,Central,2024-01-01 07:00:00,82,,136,2024-01-03,Tuesday,,F
TRIP0062,Train,Central,North Station,2024-01-01 07:01:00,19,14.17039311,43,2024-01-03,Thursday,,F
TRIP0063,Train,Central,airport,2024-01-01 07:02:00,31,35.49533613,76,2024-01-03,Sunday,,F
TRIP0064,Bus,Airport,North Station,2024-01-01 07:03:00,,3.60313627,29,2024-01-03,Friday,,F
TRIP0065,fErry,Airport,Central,2024-01-01 07:04:00,,42.04725537,81,2024-01-03,Thursday,,F
TRIP0066,bus, Central ,Central,2024-01-01 07:05:00,19,0.6890861716,164,2024-01-03,Saturday,,F
TRIP0067,Train,Downtown,South Point,2024-01-01 07:06:00,49,12.71778153,170,2024-01-03,Tuesday,,F
TRIP0068,Tram,Central,Central,2024-01-01 07:07:00,63,37.17475078,124,2024-01-03,Wednesday,,T
TRIP0069,Tram,West End,Airport,2024-01-01 07:08:00,83,16.15537241,57,2024-01-03,Sunday,,F
TRIP0070,FERRY,South Point,Airport,2024-01-01 07:09:00,22,5.543673209,160,2024-01-03,Wednesday,,F
TRIP0071,Tram,Central,Airport,2024-01-01 07:10:00,24,18.33157898,135,2024-01-03,Tuesday,,F
TRIP0072,FERRY,Central,South Point,2024-01-01 07:11:00,76,13.88446768,154,2024-01-03,Thursday,,F
TRIP0073,Tram,North Station,airport,2024-01-01 07:12:00,30,42.21423916,100,2024-01-04,Saturday,,F
TRIP0074,bus,Downtown,Central,2024-01-01 07:13:00,58,16.01072192,170,2024-01-04,Friday,,F
TRIP0075,BUS,South Point,West End,2024-01-01 07:14:00,31,39.55215735,76,2024-01-04,Tuesday,,F
TRIP0076,Ferry,Airport,West End,2024-01-01 07:15:00,64,44.64767117,,2024-01-04,Monday,,F
TRIP0077,train,Airport,South Point,2024-01-01 07:16:00,19,21.97396227,10,2024-01-04,Thursday,,F
TRIP0078,Bus,West End,Central,2024-01-01 07:17:00,48,45.54218562,36,2024-01-04,Wednesday,,F
TRIP0079,Tram,South Point,West End,2024-01-01 07:18:00,45,19.17724367,103,2024-01-04,Sunday,,F
TRIP0080,Train,Airport,airport,2024-01-01 07:19:00,94,48.22188162,142,2024-01-04,Tuesday,,T
TRIP0081,Tram,West End,Central,2024-01-01 07:20:00,55,4.919831464,135,2024-01-04,Wednesday,,F
TRIP0082,Train,Downtown,Central,2024-01-01 07:21:00,55,34.50745369,80,2024-01-04,Thursday,,F
TRIP0083,train, Central ,Downtown,2024-01-01 07:22:00,,24.943795,63,2024-01-04,Wednesday,,F
TRIP0084,train,Airport,Airport,2024-01-01 07:23:00,18,19.68861587,35,2024-01-04,Tuesday,,T
TRIP0085,train,North Station,Central,2024-01-01 07:24:00,63,31.819238,97,2024-01-04,Thursday,,F
TRIP0086,Train,North Station,Downtown,2024-01-01 07:25:00,92,35.34092604,73,2024-01-04,Monday,,F
TRIP0087,Tram,North Station,South Point,2024-01-01 07:26:00,47,0.7159818477,56,2024-01-04,Tuesday,,F
TRIP0088,train,Airport,West End,2024-01-01 07:27:00,75,8.764177893,93,2024-01-04,Friday,,F
TRIP0089,bus,North Station,Airport,2024-01-01 07:28:00,,35.79577951,131,2024-01-04,Saturday,,F
TRIP0090,FERRY,South Point,West End,2024-01-01 07:29:00,45,33.48607797,173,2024-01-04,Tuesday,,F
TRIP0091,Train,Downtown,Airport,2024-01-01 07:30:00,,48.3193515,35,2024-01-04,Thursday,,F
TRIP0092,Train,West End,airport,2024-01-01 07:31:00,17,38.17137062,88,2024-01-04,Sunday,,F
TRIP0093,Tram,West End,Airport,2024-01-01 07:32:00,70,47.56324903,131,2024-01-04,Saturday,,F
TRIP0094,Train,Airport,West End,2024-01-01 07:33:00,4,35.27575483,154,2024-01-04,Tuesday,,F
TRIP0095,Train,North Station,West End,2024-01-01 07:34:00,20,15.25358433,,2024-01-04,Monday,,F
TRIP0096,train,North Station,West End,2024-01-01 07:35:00,47,,17,2024-01-04,Sunday,,F
TRIP0097,Tram,Central,West End,2024-01-01 07:36:00,91,39.20028124,,2024-01-05,Monday,,F
TRIP0098,fErry,Downtown,airport,2024-01-01 07:37:00,15,32.38538646,131,2024-01-05,Friday,,F
TRIP0099,FERRY,South Point,Central,2024-01-01 07:38:00,70,2.885207613,174,2024-01-05,Sunday,,F
TRIP0100,FERRY,West End,North Station,2024-01-01 07:39:00,47,18.32249806,118,2024-01-05,Wednesday,,F
TRIP0101,train,Central,Downtown,2024-01-01 07:40:00,78,47.86159087,24,2024-01-05,Sunday,,F
TRIP0102,fErry,Central,North Station,2024-01-01 07:41:00,75,25.26985671,,2024-01-05,Saturday,,F
TRIP0103,Tram,Airport,airport,2024-01-01 07:42:00,9,21.92009223,168,2024-01-05,Sunday,,T
TRIP0104,Bus,West End,Airport,2024-01-01 07:43:00,,23.15613046,133,2024-01-05,Thursday,,F
TRIP0105,train,Airport,Central,2024-01-01 07:44:00,16,10.83969484,147,2024-01-05,Thursday,,F
TRIP0106,bus,South Point,Airport,2024-01-01 07:45:00,69,18.75100496,21,2024-01-05,Wednesday,,F
TRIP0107,bus,Central,Central,2024-01-01 07:46:00,61,18.80575617,156,2024-01-05,Sunday,,T
TRIP0108,Train,Central,Central,2024-01-01 07:47:00,10,3.091573499,62,2024-01-05,Monday,,T
TRIP0109,FERRY,Downtown,West End,2024-01-01 07:48:00,50,38.49459761,76,2024-01-05,Monday,,F
TRIP0110,bus,South Point,South Point,2024-01-01 07:49:00,3,21.11696938,113,2024-01-05,Tuesday,,T
TRIP0111,fErry,Central,West End,2024-01-01 07:50:00,77,41.1979044,27,2024-01-05,Friday,,F
TRIP0112,Bus,South Point,South Point,2024-01-01 07:51:00,94,42.59222606,178,2024-01-05,Saturday,,T
TRIP0113,Tram,West End,Airport,2024-01-01 07:52:00,,,76,2024-01-05,Friday,,F
TRIP0114,Tram,North Station,South Point,2024-01-01 07:53:00,81,33.03899737,12,2024-01-05,Sunday,,F
TRIP0115,Tram,Central,Airport,2024-01-01 07:54:00,,23.87794931,63,2024-01-05,Friday,,F
TRIP0116,bus,Downtown,North Station,2024-01-01 07:55:00,19,44.06775853,115,2024-01-05,Tuesday,,F
TRIP0117,Bus,West End,North Station,2024-01-01 07:56:00,42,11.17916362,17,2024-01-05,Friday,,F
TRIP0118,bus,South Point,South Point,2024-01-01 07:57:00,35,34.05175342,171,2024-01-05,Wednesday,,T
TRIP0119,FERRY,Airport,South Point,2024-01-01 07:58:00,46,,160,2024-01-05,Tuesday,,F
TRIP0120,bus,West End,Airport,2024-01-01 07:59:00,26,15.11742314,,2024-01-05,Wednesday,,F
TRIP0121,Bus,Central,West End,2024-01-01 08:00:00,69,7.261744731,123,2024-01-06,Sunday,,F
TRIP0122,Bus,South Point,Airport,2024-01-01 08:01:00,93,32.75616814,6,2024-01-06,Tuesday,,F
TRIP0123,FERRY,North Station,airport,2024-01-01 08:02:00,64,37.06057418,149,2024-01-06,Sunday,,F
TRIP0124,Bus,West End,North Station,2024-01-01 08:03:00,37,,,2024-01-06,Sunday,,F
TRIP0125,Bus,Central,Central,2024-01-01 08:04:00,84,32.4192139,107,2024-01-06,Friday,,T
TRIP0126,Tram,Downtown,South Point,2024-01-01 08:05:00,49,20.05897993,17,2024-01-06,Wednesday,,F
TRIP0127,FERRY,Airport,West End,2024-01-01 08:06:00,21,35.80374072,100,2024-01-06,Sunday,,F
TRIP0128,Ferry,South Point,Airport,2024-01-01 08:07:00,74,,98,2024-01-06,Wednesday,,F
TRIP0129,Ferry,West End,North Station,2024-01-01 08:08:00,64,44.56564263,86,2024-01-06,Wednesday,,F
TRIP0130,Bus,West End,West End,2024-01-01 08:09:00,5,14.72677503,17,2024-01-06,Tuesday,,T
TRIP0131,Ferry,North Station,Airport,2024-01-01 08:10:00,70,18.70540639,175,2024-01-06,Thursday,,F
TRIP0132,Ferry,North Station,South Point,2024-01-01 08:11:00,90,3.375551628,98,2024-01-06,Friday,,F
TRIP0133,Bus,Downtown,South Point,2024-01-01 08:12:00,4,6.01985451,153,2024-01-06,Sunday,,F
TRIP0134,Ferry,Airport,Downtown,2024-01-01 08:13:00,39,26.03516418,116,2024-01-06,Wednesday,,F
TRIP0135,bus,Downtown,Central,2024-01-01 08:14:00,35,,,2024-01-06,Saturday,,F
TRIP0136,BUS,Central,Downtown,2024-01-01 08:15:00,,41.85627117,85,2024-01-06,Thursday,,F
TRIP0137,FERRY,Central,North Station,2024-01-01 08:16:00,24,1.227322738,172,2024-01-06,Sunday,,F
TRIP0138,Train,Downtown,West End,2024-01-01 08:17:00,57,19.26515541,120,2024-01-06,Saturday,,F
TRIP0139,Bus,Airport,airport,2024-01-01 08:18:00,70,17.19860457,147,2024-01-06,Friday,,T
TRIP0140,Tram,Downtown,Airport,2024-01-01 08:19:00,41,1.45671773,112,2024-01-06,Friday,,F
TRIP0141,FERRY,Airport,South Point,2024-01-01 08:20:00,54,6.656235751,57,2024-01-06,Wednesday,,F
TRIP0142,Bus,Airport,Downtown,2024-01-01 08:21:00,46,20.97531241,132,2024-01-06,Wednesday,,F
TRIP0143,Tram,South Point,Downtown,2024-01-01 08:22:00,60,24.89679693,162,2024-01-06,Sunday,,F
TRIP0144,Train,Airport,Downtown,2024-01-01 08:23:00,60,20.51234249,165,2024-01-06,Tuesday,,F
TRIP0145,Bus,North Station,airport,2024-01-01 08:24:00,57,,61,2024-01-07,Thursday,,F
TRIP0146,FERRY,Airport,South Point,2024-01-01 08:25:00,31,29.95901791,56,2024-01-07,Sunday,,F
TRIP0147,FERRY,Airport,West End,2024-01-01 08:26:00,84,0.9912291458,141,2024-01-07,Thursday,,F
TRIP0148,train,Airport,Airport,2024-01-01 08:27:00,24,23.47271039,115,2024-01-07,Wednesday,,T
TRIP0149,bus,Central,West End,2024-01-01 08:28:00,89,48.19321242,5,2024-01-07,Friday,,F
TRIP0150,Ferry,North Station,North Station,2024-01-01 08:29:00,36,26.19209787,48,2024-01-07,Wednesday,,T
TRIP0151,Tram,North Station,Airport,2024-01-01 08:30:00,85,34.03834224,,2024-01-07,Friday,,F
TRIP0152,fErry,Downtown,Downtown,2024-01-01 08:31:00,30,15.93726097,102,2024-01-07,Sunday,,T
TRIP0153,fErry,South Point,airport,2024-01-01 08:32:00,24,38.81257322,13,2024-01-07,Friday,,F
TRIP0154,Ferry,Airport,North Station,2024-01-01 08:33:00,30,38.75961335,36,2024-01-07,Wednesday,,F
TRIP0155,Bus,West End,North Station,2024-01-01 08:34:00,86,26.30415436,19,2024-01-07,Monday,,F
TRIP0156,Ferry,South Point,South Point,2024-01-01 08:35:00,92,48.81268425,144,2024-01-07,Thursday,,T
TRIP0157,bus,South Point,West End,2024-01-01 08:36:00,7,6.714735631,140,2024-01-07,Saturday,,F
TRIP0158,FERRY,North Station,airport,2024-01-01 08:37:00,35,1.338909412,76,2024-01-07,Friday,,F
TRIP0159,fErry,South Point,North Station,2024-01-01 08:38:00,55,38.62283148,159,2024-01-07,Friday,,F
TRIP0160,Ferry,Airport,Downtown,2024-01-01 08:39:00,92,40.4541991,,2024-01-07,Monday,,F
TRIP0161,Bus,Airport,Downtown,2024-01-01 08:40:00,14,6.450257841,69,2024-01-07,Sunday,,F
TRIP0162,bus,Central,Airport,2024-01-01 08:41:00,10,13.64635023,111,2024-01-07,Sunday,,F
TRIP0163,Train,Airport,Central,2024-01-01 08:42:00,,1.368841987,46,2024-01-07,Sunday,,F
TRIP0164,FERRY,Airport,South Point,2024-01-01 08:43:00,16,15.01877623,119,2024-01-07,Saturday,,F
TRIP0165,FERRY,North Station,Central,2024-01-01 08:44:00,54,38.77052276,143,2024-01-07,Tuesday,,F
TRIP0166,train,Airport,Airport,2024-01-01 08:45:00,95,26.13904612,107,2024-01-07,Monday,,T
TRIP0167,FERRY,Central,Downtown,2024-01-01 08:46:00,89,17.73073186,175,2024-01-07,Saturday,,F
TRIP0168,Ferry,West End,West End,2024-01-01 08:47:00,77,18.9010951,99,2024-01-07,Monday,,T
TRIP0169,Bus,North Station,Downtown,2024-01-01 08:48:00,70,0.5670044729,21,2024-01-08,Friday,,F
TRIP0170,FERRY,West End,South Point,2024-01-01 08:49:00,44,15.34012611,164,2024-01-08,Thursday,,F
TRIP0171,FERRY,North Station,Downtown,2024-01-01 08:50:00,73,32.49970771,,2024-01-08,Monday,,F
TRIP0172,Train,Downtown,South Point,2024-01-01 08:51:00,45,48.72262497,172,2024-01-08,Tuesday,,F
TRIP0173,Train,South Point,South Point,2024-01-01 08:52:00,56,42.42951094,155,2024-01-08,Wednesday,,T
TRIP0174,Tram,Downtown,South Point,2024-01-01 08:53:00,84,1.66795075,,2024-01-08,Saturday,,F
TRIP0175,bus,Airport,Airport,2024-01-01 08:54:00,82,44.97874993,138,2024-01-08,Monday,,T
TRIP0176,Ferry,West End,South Point,2024-01-01 08:55:00,57,39.26832146,90,2024-01-08,Monday,,F
TRIP0177,BUS,Airport,airport,2024-01-01 08:56:00,21,39.12861812,106,2024-01-08,Tuesday,,T
TRIP0178,FERRY,South Point,West End,2024-01-01 08:57:00,68,23.17079007,169,2024-01-08,Thursday,,F
TRIP0179,Bus,North Station,Central,2024-01-01 08:58:00,50,,,2024-01-08,Monday,,F
TRIP0180,Tram,South Point,North Station,2024-01-01 08:59:00,33,15.49432858,119,2024-01-08,Monday,,F
TRIP0181,bus,Central,Central,2024-01-01 09:00:00,91,3.751895518,143,2024-01-08,Thursday,,T
TRIP0182,Tram,South Point,South Point,2024-01-01 09:01:00,7,11.79765049,92,2024-01-08,Tuesday,,T
TRIP0183,train,Central,West End,2024-01-01 09:02:00,70,12.70687993,,2024-01-08,Saturday,,F
TRIP0184,bus,South Point,Downtown,2024-01-01 09:03:00,15,,153,2024-01-08,Saturday,,F
TRIP0185,BUS,Central,West End,2024-01-01 09:04:00,82,37.49849813,119,2024-01-08,Monday,,F
TRIP0186,FERRY,West End,South Point,2024-01-01 09:05:00,32,23.95358651,67,2024-01-08,Thursday,,F
TRIP0187,bus,Airport,West End,2024-01-01 09:06:00,75,3.363300248,108,2024-01-08,Monday,,F
TRIP0188,FERRY,Airport,West End,2024-01-01 09:07:00,20,47.91059515,87,2024-01-08,Sunday,,F
TRIP0189,Ferry, Central ,South Point,2024-01-01 09:08:00,88,47.1648538,,2024-01-08,Wednesday,,F
TRIP0190,bus,Airport,Airport,2024-01-01 09:09:00,15,39.36688239,160,2024-01-08,Saturday,,T
TRIP0191,Tram,North Station,West End,2024-01-01 09:10:00,48,49.57073113,21,2024-01-08,Sunday,,F
TRIP0192,bus,South Point,North Station,2024-01-01 09:11:00,71,27.45187547,10,2024-01-08,Friday,,F
TRIP0193,BUS,Downtown,North Station,2024-01-01 09:12:00,21,,151,2024-01-09,Wednesday,,F
TRIP0194,Ferry,North Station,airport,2024-01-01 09:13:00,42,4.242449511,32,2024-01-09,Monday,,F
TRIP0195,Ferry,North Station,Airport,2024-01-01 09:14:00,26,18.60119704,42,2024-01-09,Tuesday,,F
TRIP0196,train,Central,Downtown,2024-01-01 09:15:00,14,11.65637277,123,2024-01-09,Saturday,,F
TRIP0197,Tram,Airport,airport,2024-01-01 09:16:00,57,10.19373766,41,2024-01-09,Friday,,T
TRIP0198,Train,West End,North Station,2024-01-01 09:17:00,37,7.46974597,119,2024-01-09,Wednesday,,F
TRIP0199,Train,West End,Downtown,2024-01-01 09:18:00,58,31.30947526,72,2024-01-09,Saturday,,F
TRIP0200,bus,Downtown,West End,2024-01-01 09:19:00,21,39.17543186,47,2024-01-09,Thursday,,F
TRIP0201,fErry, Central ,Downtown,2024-01-01 09:20:00,82,29.12577077,168,2024-01-09,Tuesday,,F
TRIP0202,Bus,South Point,Central,2024-01-01 09:21:00,69,7.774654125,62,2024-01-09,Wednesday,,F
TRIP0203,bus,West End,airport,2024-01-01 09:22:00,3,40.65062661,17,2024-01-09,Thursday,,F
TRIP0204,train,Downtown,West End,2024-01-01 09:23:00,87,31.979758,56,2024-01-09,Sunday,,F
TRIP0205,Tram,West End,South Point,2024-01-01 09:24:00,90,19.71420245,62,2024-01-09,Monday,,F
TRIP0206,fErry, Central ,Airport,2024-01-01 09:25:00,37,,36,2024-01-09,Thursday,,F
TRIP0207,Tram,Central,West End,2024-01-01 09:26:00,88,13.36529647,109,2024-01-09,Wednesday,,F
TRIP0208,Tram,Downtown,South Point,2024-01-01 09:27:00,49,17.58701432,87,2024-01-09,Wednesday,,F
TRIP0209,Tram,Central,Airport,2024-01-01 09:28:00,19,45.91554924,103,2024-01-09,Sunday,,F
TRIP0210,train,Central,Airport,2024-01-01 09:29:00,89,14.87997303,108,2024-01-09,Monday,,F
TRIP0211,train,Central,West End,2024-01-01 09:30:00,85,23.76441927,32,2024-01-09,Thursday,,F
TRIP0212,BUS,North Station,Downtown,2024-01-01 09:31:00,12,44.5619863,133,2024-01-09,Thursday,,F
TRIP0213,fErry,Airport,Downtown,2024-01-01 09:32:00,61,,174,2024-01-09,Monday,,F
TRIP0214,fErry,North Station,Airport,2024-01-01 09:33:00,41,3.579059695,52,2024-01-09,Thursday,,F
TRIP0215,Tram,Airport,Downtown,2024-01-01 09:34:00,33,7.791500692,44,2024-01-09,Saturday,,F
TRIP0216,Bus,Central,Central,2024-01-01 09:35:00,50,0.8881587432,101,2024-01-09,Monday,,T
TRIP0217,FERRY,Downtown,Airport,2024-01-01 09:36:00,,31.73062862,118,2024-01-10,Tuesday,,F
TRIP0218,train, Central ,Airport,2024-01-01 09:37:00,71,22.65983456,136,2024-01-10,Wednesday,,F
TRIP0219,Bus,South Point,South Point,2024-01-01 09:38:00,86,7.14660512,170,2024-01-10,Tuesday,,T
TRIP0220,Bus,South Point,Downtown,2024-01-01 09:39:00,33,47.91773899,159,2024-01-10,Saturday,,F
TRIP0221,Bus,West End,Airport,2024-01-01 09:40:00,81,26.71815634,141,2024-01-10,Sunday,,F
TRIP0222,Ferry,Airport,Central,2024-01-01 09:41:00,24,12.47371806,,2024-01-10,Saturday,,F
TRIP0223,train,Downtown,South Point,2024-01-01 09:42:00,61,25.27987677,148,2024-01-10,Friday,,F
TRIP0224,Bus,North Station,West End,2024-01-01 09:43:00,,34.14120647,80,2024-01-10,Friday,,F
TRIP0225,Tram,Central,Airport,2024-01-01 09:44:00,98,4.27384129,35,2024-01-10,Friday,,F
TRIP0226,bus,West End,Central,2024-01-01 09:45:00,28,14.09783884,123,2024-01-10,Monday,,F
TRIP0227,fErry,South Point,North Station,2024-01-01 09:46:00,58,40.4447918,,2024-01-10,Thursday,,F
TRIP0228,Ferry,North Station,airport,2024-01-01 09:47:00,43,23.25341108,29,2024-01-10,Saturday,,F
TRIP0229,FERRY,North Station,Central,2024-01-01 09:48:00,41,27.55556853,38,2024-01-10,Tuesday,,F
TRIP0230,train,Central,South Point,2024-01-01 09:49:00,39,21.92439211,71,2024-01-10,Sunday,,F
TRIP0231,BUS,Airport,West End,2024-01-01 09:50:00,86,2.673047161,156,2024-01-10,Tuesday,,F
TRIP0232,Bus,South Point,North Station,2024-01-01 09:51:00,49,8.704614101,122,2024-01-10,Tuesday,,F
TRIP0233,train,Downtown,Downtown,2024-01-01 09:52:00,17,22.55431112,77,2024-01-10,Tuesday,,T
TRIP0234,bus,North Station,Downtown,2024-01-01 09:53:00,98,10.85468054,30,2024-01-10,Sunday,,F
TRIP0235,Bus,Central,Central,2024-01-01 09:54:00,,,152,2024-01-10,Friday,,T
TRIP0236,BUS,Downtown,South Point,2024-01-01 09:55:00,70,42.26065837,108,2024-01-10,Tuesday,,F
TRIP0237,Train,Airport,South Point,2024-01-01 09:56:00,98,49.06903019,14,2024-01-10,Sunday,,F
TRIP0238,Tram,South Point,Downtown,2024-01-01 09:57:00,65,39.76057226,71,2024-01-10,Sunday,,F
TRIP0239,FERRY,Airport,North Station,2024-01-01 09:58:00,74,42.76235362,156,2024-01-10,Thursday,,F
TRIP0240,Ferry,North Station,West End,2024-01-01 09:59:00,,12.47786795,9,2024-01-10,Sunday,,F
TRIP0241,train,Downtown,airport,2024-01-01 10:00:00,5,48.05103529,31,2024-01-11,Friday,,F
TRIP0242,Bus,Downtown,Airport,2024-01-01 10:01:00,2,10.24782237,117,2024-01-11,Tuesday,,F
TRIP0243,Tram,Downtown,Airport,2024-01-01 10:02:00,,47.59577561,,2024-01-11,Sunday,,F
TRIP0244,Bus,North Station,airport,2024-01-01 10:03:00,57,49.74355505,167,2024-01-11,Monday,,F
TRIP0245,train,North Station,Downtown,2024-01-01 10:04:00,,35.73027888,109,2024-01-11,Sunday,,F
TRIP0246,Bus,Airport,West End,2024-01-01 10:05:00,74,49.06661472,48,2024-01-11,Wednesday,,F
TRIP0247,Train,West End,South Point,2024-01-01 10:06:00,98,28.69221909,,2024-01-11,Wednesday,,F
TRIP0248,Tram,Airport,Airport,2024-01-01 10:07:00,16,13.34731827,179,2024-01-11,Wednesday,,T
TRIP0249,Tram,South Point,Central,2024-01-01 10:08:00,51,22.13129634,166,2024-01-11,Sunday,,F
TRIP0250,train,Central,Central,2024-01-01 10:09:00,39,,99,2024-01-11,Friday,,T
TRIP0251,FERRY,Downtown,Downtown,2024-01-01 10:10:00,86,4.11753732,,2024-01-11,Tuesday,,T
TRIP0252,Train,West End,South Point,2024-01-01 10:11:00,76,,144,2024-01-11,Saturday,,F
TRIP0253,Ferry,Central,North Station,2024-01-01 10:12:00,88,49.06830292,136,2024-01-11,Saturday,,F
TRIP0254,Bus,West End,South Point,2024-01-01 10:13:00,40,9.910328664,91,2024-01-11,Saturday,,F
TRIP0255,bus,Airport,Central,2024-01-01 10:14:00,38,39.73345826,116,2024-01-11,Friday,,F
TRIP0256,Bus,North Station,Central,2024-01-01 10:15:00,60,45.44099029,,2024-01-11,Thursday,,F
TRIP0257,Bus,Downtown,Airport,2024-01-01 10:16:00,59,47.21322884,93,2024-01-11,Monday,,F
TRIP0258,Ferry, Central ,South Point,2024-01-01 10:17:00,10,48.02671242,70,2024-01-11,Monday,,F
TRIP0259,Bus,Central,South Point,2024-01-01 10:18:00,99,26.31225212,162,2024-01-11,Wednesday,,F
TRIP0260,Train,Central,Central,2024-01-01 10:19:00,64,48.87674145,135,2024-01-11,Wednesday,,T
TRIP0261,Train,Central,North Station,2024-01-01 10:20:00,,37.98685525,,2024-01-11,Sunday,,F
TRIP0262,Tram,Central,Downtown,2024-01-01 10:21:00,49,8.502736094,153,2024-01-11,Saturday,,F
TRIP0263,BUS, Central ,Downtown,2024-01-01 10:22:00,64,24.10655527,,2024-01-11,Sunday,,F
TRIP0264,FERRY,West End,South Point,2024-01-01 10:23:00,,36.05739318,120,2024-01-11,Saturday,,F
TRIP0265,bus,Airport,Downtown,2024-01-01 10:24:00,7,,,2024-01-12,Wednesday,,F
TRIP0266,Bus,Downtown,Central,2024-01-01 10:25:00,21,32.21045159,42,2024-01-12,Tuesday,,F
TRIP0267,Bus,North Station,Central,2024-01-01 10:26:00,20,33.49672371,147,2024-01-12,Thursday,,F
TRIP0268,Ferry, Central ,South Point,2024-01-01 10:27:00,26,8.553637319,114,2024-01-12,Sunday,,F
TRIP0269,train,Airport,South Point,2024-01-01 10:28:00,68,28.47172297,,2024-01-12,Thursday,,F
TRIP0270,Train,Airport,airport,2024-01-01 10:29:00,86,38.69553209,29,2024-01-12,Thursday,,T
TRIP0271,bus,North Station,South Point,2024-01-01 10:30:00,15,25.19533539,25,2024-01-12,Thursday,,F
TRIP0272,Tram,North Station,North Station,2024-01-01 10:31:00,85,1.09910428,125,2024-01-12,Wednesday,,T
TRIP0273,Train,West End,Downtown,2024-01-01 10:32:00,79,,126,2024-01-12,Monday,,F
TRIP0274,train,South Point,South Point,2024-01-01 10:33:00,86,,,2024-01-12,Wednesday,,T
TRIP0275,FERRY,Downtown,West End,2024-01-01 10:34:00,92,46.34660639,74,2024-01-12,Thursday,,F
TRIP0276,Tram,Central,Airport,2024-01-01 10:35:00,14,11.81950059,117,2024-01-12,Wednesday,,F
TRIP0277,fErry,South Point,West End,2024-01-01 10:36:00,27,31.9010026,111,2024-01-12,Thursday,,F
TRIP0278,Ferry,Airport,Central,2024-01-01 10:37:00,40,11.4927556,116,2024-01-12,Friday,,F
TRIP0279,Ferry,North Station,Downtown,2024-01-01 10:38:00,58,16.42266449,,2024-01-12,Saturday,,F
TRIP0280,Bus,South Point,South Point,2024-01-01 10:39:00,28,42.47808344,51,2024-01-12,Monday,,T
TRIP0281,FERRY,Downtown,West End,2024-01-01 10:40:00,26,36.57864139,95,2024-01-12,Friday,,F
TRIP0282,train,Airport,Downtown,2024-01-01 10:41:00,63,5.222264227,,2024-01-12,Tuesday,,F
TRIP0283,bus,Central,Central,2024-01-01 10:42:00,66,21.72075004,153,2024-01-12,Wednesday,,T
TRIP0284,Tram,Central,North Station,2024-01-01 10:43:00,25,1.9439033,108,2024-01-12,Tuesday,,F
TRIP0285,Train, Central ,Airport,2024-01-01 10:44:00,3,24.30406226,155,2024-01-12,Sunday,,F
TRIP0286,fErry,Downtown,Downtown,2024-01-01 10:45:00,72,33.29048358,44,2024-01-12,Wednesday,,T
TRIP0287,fErry,North Station,Downtown,2024-01-01 10:46:00,44,6.365879868,142,2024-01-12,Saturday,,F
TRIP0288,Ferry,Central,North Station,2024-01-01 10:47:00,97,14.79980448,93,2024-01-12,Friday,,F
TRIP0289,FERRY,Airport,Downtown,2024-01-01 10:48:00,42,20.19291296,65,2024-01-13,Saturday,,F
TRIP0290,Bus,South Point,Central,2024-01-01 10:49:00,,46.01678572,9,2024-01-13,Sunday,,F
TRIP0291,Bus,Airport,Central,2024-01-01 10:50:00,6,49.66612326,126,2024-01-13,Thursday,,F
TRIP0292,Tram,West End,North Station,2024-01-01 10:51:00,39,2.7231093,59,2024-01-13,Saturday,,F
TRIP0293,Ferry,West End,Airport,2024-01-01 10:52:00,52,38.16989221,41,2024-01-13,Saturday,,F
TRIP0294,train,Downtown,South Point,2024-01-01 10:53:00,23,18.90034129,60,2024-01-13,Thursday,,F
TRIP0295,bus,North Station,West End,2024-01-01 10:54:00,89,,106,2024-01-13,Wednesday,,F
TRIP0296,Ferry,West End,South Point,2024-01-01 10:55:00,50,37.83611618,,2024-01-13,Thursday,,F
TRIP0297,Tram,Central,Downtown,2024-01-01 10:56:00,43,45.96210839,77,2024-01-13,Friday,,F
TRIP0298,Tram,Airport,West End,2024-01-01 10:57:00,19,47.57096543,63,2024-01-13,Saturday,,F
TRIP0299,Ferry,Airport,North Station,2024-01-01 10:58:00,69,29.06756801,6,2024-01-13,Thursday,,F
TRIP0300,Tram,Downtown,North Station,2024-01-01 10:59:00,51,18.17749739,108,2024-01-13,Sunday,,
TRIP0301,Ferry,South Point,Airport,2024-01-01 11:00:00,11,39.48367975,55,2024-01-13,Sunday,,
TRIP0302,Train,Downtown,West End,2024-01-01 11:01:00,12,12.92456847,34,2024-01-13,Saturday,,
TRIP0303,Ferry,South Point,Central,2024-01-01 11:02:00,74,28.42166443,15,2024-01-13,Friday,,
TRIP0304,FERRY,Downtown,West End,2024-01-01 11:03:00,8,18.24963385,112,2024-01-13,Tuesday,,
TRIP0305,Ferry,Downtown,Downtown,2024-01-01 11:04:00,24,33.00323815,80,2024-01-13,Friday,,
TRIP0306,Tram,Downtown,Central,2024-01-01 11:05:00,92,12.39974619,,2024-01-13,Monday,,
TRIP0307,FERRY,South Point,North Station,2024-01-01 11:06:00,41,9.983850814,,2024-01-13,Monday,,
TRIP0308,Tram,South Point,West End,2024-01-01 11:07:00,36,,127,2024-01-13,Monday,,
TRIP0309,Bus,Downtown,South Point,2024-01-01 11:08:00,85,5.539282306,,2024-01-13,Saturday,,
TRIP0310,Bus,West End,Airport,2024-01-01 11:09:00,72,25.54491643,126,2024-01-13,Sunday,,
TRIP0311,FERRY,North Station,airport,2024-01-01 11:10:00,55,11.43221276,98,2024-01-13,Wednesday,,
TRIP0312,fErry,North Station,Airport,2024-01-01 11:11:00,9,2.427033185,107,2024-01-13,Sunday,,
TRIP0313,Bus,North Station,Downtown,2024-01-01 11:12:00,47,2.282931505,166,2024-01-14,Wednesday,,
TRIP0314,Ferry,South Point,South Point,2024-01-01 11:13:00,15,9.173477719,35,2024-01-14,Wednesday,,
TRIP0315,fErry,South Point,West End,2024-01-01 11:14:00,48,43.40513255,56,2024-01-14,Sunday,,
TRIP0316,Bus,West End,West End,2024-01-01 11:15:00,82,14.48269783,93,2024-01-14,Saturday,,
TRIP0317,Bus,North Station,South Point,2024-01-01 11:16:00,,47.54772894,80,2024-01-14,Friday,,
TRIP0318,Train,North Station,West End,2024-01-01 11:17:00,60,,133,2024-01-14,Wednesday,,
TRIP0319,FERRY,Downtown,Downtown,2024-01-01 11:18:00,84,22.11240239,26,2024-01-14,Tuesday,,
TRIP0320,FERRY,South Point,Central,2024-01-01 11:19:00,70,29.21439732,44,2024-01-14,Sunday,,
TRIP0321,train,North Station,Downtown,2024-01-01 11:20:00,12,26.07657007,105,2024-01-14,Sunday,,
TRIP0322,Train,Airport,Airport,2024-01-01 11:21:00,2,38.05942456,115,2024-01-14,Monday,,
TRIP0323,fErry,West End,Downtown,2024-01-01 11:22:00,7,14.48355527,133,2024-01-14,Friday,,
TRIP0324,FERRY,Airport,Airport,2024-01-01 11:23:00,80,,69,2024-01-14,Monday,,
TRIP0325,Tram,Airport,West End,2024-01-01 11:24:00,3,44.75766798,,2024-01-14,Sunday,,
TRIP0326,Train,West End,Central,2024-01-01 11:25:00,3,47.3495974,153,2024-01-14,Sunday,,
TRIP0327,Bus,Airport,West End,2024-01-01 11:26:00,27,44.68163226,83,2024-01-14,Wednesday,,
TRIP0328,fErry,North Station,North Station,2024-01-01 11:27:00,40,21.2626757,26,2024-01-14,Friday,,
TRIP0329,fErry,South Point,West End,2024-01-01 11:28:00,33,39.1280924,170,2024-01-14,Thursday,,
TRIP0330,Bus,West End,Airport,2024-01-01 11:29:00,92,24.0786188,103,2024-01-14,Tuesday,,
TRIP0331,Train,Downtown,West End,2024-01-01 11:30:00,1,25.12822268,12,2024-01-14,Wednesday,,
TRIP0332,Bus,Airport,West End,2024-01-01 11:31:00,8,10.6316654,179,2024-01-14,Sunday,,
TRIP0333,train,West End,Central,2024-01-01 11:32:00,32,29.76095001,21,2024-01-14,Wednesday,,
TRIP0334,Tram,Central,West End,2024-01-01 11:33:00,48,9.713726939,21,2024-01-14,Tuesday,,
TRIP0335,bus,Central,Central,2024-01-01 11:34:00,,16.9124526,94,2024-01-14,Sunday,,
TRIP0336,bus,South Point,South Point,2024-01-01 11:35:00,94,42.82399498,145,2024-01-14,Tuesday,,
TRIP0337,Ferry,North Station,North Station,2024-01-01 11:36:00,70,10.75025256,149,2024-01-15,Thursday,,
TRIP0338,FERRY,South Point,Central,2024-01-01 11:37:00,19,4.022335116,170,2024-01-15,Wednesday,,
TRIP0339,Bus,South Point,Airport,2024-01-01 11:38:00,32,,85,2024-01-15,Saturday,,
TRIP0340,BUS,South Point,South Point,2024-01-01 11:39:00,9,47.06883376,82,2024-01-15,Wednesday,,
TRIP0341,Ferry,South Point,Central,2024-01-01 11:40:00,12,25.59256168,177,2024-01-15,Monday,,
TRIP0342,Ferry,Downtown,Central,2024-01-01 11:41:00,11,20.76589755,10,2024-01-15,Friday,,
TRIP0343,Ferry,Downtown,North Station,2024-01-01 11:42:00,46,40.63848976,167,2024-01-15,Friday,,
TRIP0344,Tram,West End,Airport,2024-01-01 11:43:00,16,,114,2024-01-15,Monday,,
TRIP0345,train,Central,Downtown,2024-01-01 11:44:00,,16.94345614,18,2024-01-15,Sunday,,
TRIP0346,Bus,South Point,Downtown,2024-01-01 11:45:00,,34.83409384,,2024-01-15,Friday,,
TRIP0347,Tram,West End,Central,2024-01-01 11:46:00,21,38.67057938,147,2024-01-15,Tuesday,,
TRIP0348,Ferry,Central,West End,2024-01-01 11:47:00,30,32.905209,58,2024-01-15,Friday,,
TRIP0349,Bus, Central ,Airport,2024-01-01 11:48:00,13,8.003956203,,2024-01-15,Friday,,
TRIP0350,Tram, Central ,South Point,2024-01-01 11:49:00,34,43.85621263,17,2024-01-15,Monday,,
TRIP0351,train,Downtown,West End,2024-01-01 11:50:00,4,27.18518036,163,2024-01-15,Sunday,,
TRIP0352,Tram,Airport,West End,2024-01-01 11:51:00,28,14.48238511,167,2024-01-15,Thursday,,
TRIP0353,train,Central,Airport,2024-01-01 11:52:00,95,21.54879518,64,2024-01-15,Friday,,
TRIP0354,Ferry,Airport,Central,2024-01-01 11:53:00,59,2.359768975,10,2024-01-15,Saturday,,
TRIP0355,train,North Station,Central,2024-01-01 11:54:00,27,,62,2024-01-15,Friday,,
TRIP0356,Bus, Central ,Central,2024-01-01 11:55:00,69,38.39456415,53,2024-01-15,Thursday,,
TRIP0357,Ferry,Airport,Central,2024-01-01 11:56:00,25,0.5005759204,155,2024-01-15,Monday,,
TRIP0358,Bus,Downtown,Downtown,2024-01-01 11:57:00,3,21.12000851,,2024-01-15,Thursday,,
TRIP0359,bus,Downtown,Central,2024-01-01 11:58:00,97,26.36425396,30,2024-01-15,Monday,,
TRIP0360,Train,West End,Downtown,2024-01-01 11:59:00,68,,51,2024-01-15,Tuesday,,
TRIP0361,train,Airport,Downtown,2024-01-01 12:00:00,25,48.66736907,9,2024-01-16,Monday,,
TRIP0362,Train,South Point,Central,2024-01-01 12:01:00,20,11.6932039,24,2024-01-16,Tuesday,,
TRIP0363,Train,Airport,airport,2024-01-01 12:02:00,34,15.55783662,138,2024-01-16,Tuesday,,
TRIP0364,train,Central,airport,2024-01-01 12:03:00,26,15.54515436,63,2024-01-16,Monday,,
TRIP0365,Ferry,Central,West End,2024-01-01 12:04:00,5,11.90562477,150,2024-01-16,Saturday,,
TRIP0366,bus,Airport,Downtown,2024-01-01 12:05:00,99,0.5729541933,,2024-01-16,Wednesday,,
TRIP0367,Bus,North Station,Airport,2024-01-01 12:06:00,61,36.60256731,21,2024-01-16,Monday,,
TRIP0368,Tram,Downtown,Airport,2024-01-01 12:07:00,92,48.35885224,18,2024-01-16,Friday,,
TRIP0369,Bus,Central,South Point,2024-01-01 12:08:00,93,11.60252742,17,2024-01-16,Saturday,,
TRIP0370,Tram, Central ,Airport,2024-01-01 12:09:00,,33.32083599,,2024-01-16,Saturday,,
TRIP0371,Bus,Central,North Station,2024-01-01 12:10:00,50,37.22386818,132,2024-01-16,Friday,,
TRIP0372,train,West End,Airport,2024-01-01 12:11:00,,42.49705626,48,2024-01-16,Wednesday,,
TRIP0373,bus,South Point,West End,2024-01-01 12:12:00,83,21.42014525,123,2024-01-16,Saturday,,
TRIP0374,Tram,Central,West End,2024-01-01 12:13:00,60,15.49507983,147,2024-01-16,Tuesday,,
TRIP0375,FERRY,Downtown,Downtown,2024-01-01 12:14:00,44,16.60210913,23,2024-01-16,Wednesday,,
TRIP0376,Ferry,West End,Central,2024-01-01 12:15:00,11,35.77475599,67,2024-01-16,Sunday,,
TRIP0377,Bus,Central,North Station,2024-01-01 12:16:00,66,40.93058359,167,2024-01-16,Friday,,
TRIP0378,Bus,North Station,Downtown,2024-01-01 12:17:00,47,,85,2024-01-16,Wednesday,,
TRIP0379,Tram, Central ,North Station,2024-01-01 12:18:00,73,18.8615799,167,2024-01-16,Monday,,
TRIP0380,Ferry,Central,Central,2024-01-01 12:19:00,85,45.14603974,151,2024-01-16,Wednesday,,
TRIP0381,Ferry,West End,airport,2024-01-01 12:20:00,88,40.43132922,152,2024-01-16,Tuesday,,
TRIP0382,train,North Station,Airport,2024-01-01 12:21:00,98,49.25049094,104,2024-01-16,Monday,,
TRIP0383,FERRY,Airport,Central,2024-01-01 12:22:00,86,37.83528885,167,2024-01-16,Thursday,,
TRIP0384,train,West End,Downtown,2024-01-01 12:23:00,3,19.96316245,164,2024-01-16,Friday,,
TRIP0385,train,West End,airport,2024-01-01 12:24:00,,,126,2024-01-17,Friday,,
TRIP0386,train,North Station,South Point,2024-01-01 12:25:00,92,33.22020559,48,2024-01-17,Wednesday,,
TRIP0387,train,West End,West End,2024-01-01 12:26:00,30,4.383562908,108,2024-01-17,Saturday,,
TRIP0388,train,North Station,Downtown,2024-01-01 12:27:00,90,27.45259948,156,2024-01-17,Monday,,
TRIP0389,fErry,Central,North Station,2024-01-01 12:28:00,21,35.61138101,65,2024-01-17,Thursday,,
TRIP0390,Ferry,North Station,South Point,2024-01-01 12:29:00,28,8.782404548,129,2024-01-17,Monday,,
TRIP0391,train,North Station,Downtown,2024-01-01 12:30:00,,39.14127001,149,2024-01-17,Friday,,
TRIP0392,Ferry,South Point,Central,2024-01-01 12:31:00,62,29.39675264,75,2024-01-17,Monday,,
TRIP0393,Ferry,North Station,Central,2024-01-01 12:32:00,33,47.63497839,111,2024-01-17,Thursday,,
TRIP0394,Train,North Station,Central,2024-01-01 12:33:00,,2.599903761,54,2024-01-17,Saturday,,
TRIP0395,bus,Airport,Central,2024-01-01 12:34:00,35,13.63364381,69,2024-01-17,Wednesday,,
TRIP0396,train,Central,North Station,2024-01-01 12:35:00,52,30.27691703,103,2024-01-17,Tuesday,,
TRIP0397,Bus,South Point,South Point,2024-01-01 12:36:00,34,15.17971565,36,2024-01-17,Monday,,
TRIP0398,Tram,Airport,Airport,2024-01-01 12:37:00,41,35.86399612,168,2024-01-17,Tuesday,,
TRIP0399,FERRY,Downtown,West End,2024-01-01 12:38:00,51,38.07076148,145,2024-01-17,Friday,,
TRIP0400,Bus,Central,North Station,2024-01-01 12:39:00,,5.574540221,62,2024-01-17,Wednesday,,
TRIP0401,bus,Central,North Station,2024-01-01 12:40:00,82,25.93579598,132,2024-01-17,Sunday,,
TRIP0402,Tram,Downtown,Airport,2024-01-01 12:41:00,58,25.6900825,146,2024-01-17,Wednesday,,
TRIP0403,bus,North Station,Airport,2024-01-01 12:42:00,75,18.77939813,169,2024-01-17,Monday,,
TRIP0404,BUS,Airport,West End,2024-01-01 12:43:00,57,46.6797807,116,2024-01-17,Saturday,,
TRIP0405,Tram,West End,West End,2024-01-01 12:44:00,23,41.46156283,72,2024-01-17,Wednesday,,
TRIP0406,Ferry,South Point,airport,2024-01-01 12:45:00,,35.0118644,44,2024-01-17,Monday,,
TRIP0407,Bus,West End,Central,2024-01-01 12:46:00,22,35.85916847,148,2024-01-17,Monday,,
TRIP0408,Bus,Downtown,North Station,2024-01-01 12:47:00,17,23.35494912,136,2024-01-17,Tuesday,,
TRIP0409,Tram,Central,Downtown,2024-01-01 12:48:00,69,46.08922879,,2024-01-18,Wednesday,,
TRIP0410,Tram,Central,airport,2024-01-01 12:49:00,11,34.88247365,94,2024-01-18,Monday,,
TRIP0411,train,South Point,West End,2024-01-01 12:50:00,,36.58456255,32,2024-01-18,Tuesday,,
TRIP0412,bus,Central,Airport,2024-01-01 12:51:00,15,43.15369974,100,2024-01-18,Thursday,,
TRIP0413,train, Central ,South Point,2024-01-01 12:52:00,,14.06654367,35,2024-01-18,Sunday,,
TRIP0414,fErry,South Point,Downtown,2024-01-01 12:53:00,35,,7,2024-01-18,Tuesday,,
TRIP0415,train,Airport,Downtown,2024-01-01 12:54:00,33,10.16440985,140,2024-01-18,Tuesday,,
TRIP0416,Ferry,Airport,West End,2024-01-01 12:55:00,84,17.59442664,28,2024-01-18,Monday,,
TRIP0417,Tram,South Point,Central,2024-01-01 12:56:00,,,,2024-01-18,Friday,,
TRIP0418,Bus, Central ,airport,2024-01-01 12:57:00,,48.93701069,175,2024-01-18,Friday,,
TRIP0419,BUS,Central,Downtown,2024-01-01 12:58:00,66,42.89859258,163,2024-01-18,Saturday,,
TRIP0420,bus,Central,airport,2024-01-01 12:59:00,99,35.20790815,49,2024-01-18,Friday,,
TRIP0421,Bus,Downtown,Downtown,2024-01-01 13:00:00,40,36.4893097,12,2024-01-18,Tuesday,,
TRIP0422,train,Airport,South Point,2024-01-01 13:01:00,28,28.32260332,75,2024-01-18,Saturday,,
TRIP0423,bus,North Station,South Point,2024-01-01 13:02:00,47,47.38098802,112,2024-01-18,Monday,,
TRIP0424,FERRY,North Station,North Station,2024-01-01 13:03:00,39,25.06480827,119,2024-01-18,Wednesday,,
TRIP0425,Ferry,North Station,Airport,2024-01-01 13:04:00,70,19.33562664,107,2024-01-18,Sunday,,
TRIP0426,Tram,Airport,Airport,2024-01-01 13:05:00,73,8.570249178,,2024-01-18,Sunday,,
TRIP0427,Bus,Airport,West End,2024-01-01 13:06:00,20,,61,2024-01-18,Tuesday,,
TRIP0428,Tram,Downtown,South Point,2024-01-01 13:07:00,1,36.85497464,34,2024-01-18,Tuesday,,
TRIP0429,FERRY,Central,North Station,2024-01-01 13:08:00,72,19.52557441,150,2024-01-18,Saturday,,
TRIP0430,bus,Downtown,North Station,2024-01-01 13:09:00,87,1.747073991,118,2024-01-18,Monday,,
TRIP0431,bus,Downtown,Downtown,2024-01-01 13:10:00,63,,121,2024-01-18,Thursday,,
TRIP0432,BUS,Airport,Downtown,2024-01-01 13:11:00,67,1.065190181,171,2024-01-18,Tuesday,,
TRIP0433,Bus,North Station,North Station,2024-01-01 13:12:00,4,35.33313909,64,2024-01-19,Thursday,,
TRIP0434,Ferry,West End,Downtown,2024-01-01 13:13:00,58,48.52772693,102,2024-01-19,Thursday,,
TRIP0435,Train,Central,South Point,2024-01-01 13:14:00,25,22.16423574,175,2024-01-19,Friday,,
TRIP0436,Bus,Airport,Central,2024-01-01 13:15:00,47,12.13118355,130,2024-01-19,Monday,,
TRIP0437,Train,North Station,South Point,2024-01-01 13:16:00,38,,177,2024-01-19,Sunday,,
TRIP0438,FERRY,West End,North Station,2024-01-01 13:17:00,15,40.94784303,155,2024-01-19,Sunday,,
TRIP0439,train,West End,North Station,2024-01-01 13:18:00,63,27.54830065,98,2024-01-19,Thursday,,
TRIP0440,Train,Airport,airport,2024-01-01 13:19:00,21,48.36824613,138,2024-01-19,Sunday,,
TRIP0441,Ferry,South Point,Downtown,2024-01-01 13:20:00,99,3.057601722,126,2024-01-19,Monday,,
TRIP0442,train,Central,Downtown,2024-01-01 13:21:00,57,25.48738212,,2024-01-19,Friday,,
TRIP0443,Train,West End,Airport,2024-01-01 13:22:00,53,36.06347039,8,2024-01-19,Monday,,
TRIP0444,FERRY, Central ,North Station,2024-01-01 13:23:00,46,43.20070332,97,2024-01-19,Tuesday,,
TRIP0445,train,Airport,West End,2024-01-01 13:24:00,,9.373152789,155,2024-01-19,Thursday,,
TRIP0446,FERRY,North Station,Airport,2024-01-01 13:25:00,76,40.10017235,10,2024-01-19,Monday,,
TRIP0447,Train,South Point,Downtown,2024-01-01 13:26:00,17,27.85900025,36,2024-01-19,Sunday,,
TRIP0448,fErry,Central,South Point,2024-01-01 13:27:00,39,20.12940726,110,2024-01-19,Wednesday,,
TRIP0449,Ferry,Downtown,Downtown,2024-01-01 13:28:00,,7.019893915,150,2024-01-19,Monday,,
TRIP0450,Train,North Station,airport,2024-01-01 13:29:00,99,43.33214007,19,2024-01-19,Thursday,,
TRIP0451,Train, Central ,Airport,2024-01-01 13:30:00,77,,172,2024-01-19,Friday,,
TRIP0452,BUS,West End,North Station,2024-01-01 13:31:00,79,15.83449903,126,2024-01-19,Sunday,,
TRIP0453,Bus,North Station,Downtown,2024-01-01 13:32:00,82,14.85725383,100,2024-01-19,Friday,,
TRIP0454,Bus,Airport,South Point,2024-01-01 13:33:00,97,43.63499469,10,2024-01-19,Thursday,,
TRIP0455,Bus,West End,North Station,2024-01-01 13:34:00,6,33.79879821,116,2024-01-19,Sunday,,
TRIP0456,BUS,South Point,West End,2024-01-01 13:35:00,91,39.93572916,124,2024-01-19,Tuesday,,
TRIP0457,train,Central,South Point,2024-01-01 13:36:00,23,12.89816099,127,2024-01-20,Sunday,,
TRIP0458,FERRY,South Point,Airport,2024-01-01 13:37:00,,31.43126793,71,2024-01-20,Tuesday,,
TRIP0459,bus,West End,West End,2024-01-01 13:38:00,91,,110,2024-01-20,Friday,,
TRIP0460,Train,Downtown,West End,2024-01-01 13:39:00,98,41.72510365,,2024-01-20,Friday,,
TRIP0461,FERRY,Central,Central,2024-01-01 13:40:00,46,45.35130949,47,2024-01-20,Thursday,,
TRIP0462,Train,Central,Downtown,2024-01-01 13:41:00,38,1.101760188,149,2024-01-20,Tuesday,,
TRIP0463,Ferry,North Station,South Point,2024-01-01 13:42:00,14,33.86398599,100,2024-01-20,Friday,,
TRIP0464,Train,North Station,West End,2024-01-01 13:43:00,72,3.065872056,136,2024-01-20,Tuesday,,
TRIP0465,Bus,Downtown,Central,2024-01-01 13:44:00,62,27.66850392,85,2024-01-20,Friday,,
TRIP0466,bus,Airport,Airport,2024-01-01 13:45:00,,14.73782009,45,2024-01-20,Sunday,,
TRIP0467,Tram,Central,North Station,2024-01-01 13:46:00,19,15.68544168,,2024-01-20,Monday,,
TRIP0468,Train,Downtown,South Point,2024-01-01 13:47:00,,17.97144592,164,2024-01-20,Wednesday,,
TRIP0469,FERRY,North Station,West End,2024-01-01 13:48:00,78,31.25397623,39,2024-01-20,Sunday,,
TRIP0470,Bus,North Station,Downtown,2024-01-01 13:49:00,84,,26,2024-01-20,Saturday,,
TRIP0471,Tram,Central,Central,2024-01-01 13:50:00,25,36.768603,154,2024-01-20,Monday,,
TRIP0472,bus,South Point,West End,2024-01-01 13:51:00,40,20.52410559,116,2024-01-20,Saturday,,
TRIP0473,Tram, Central ,Downtown,2024-01-01 13:52:00,,3.883483415,15,2024-01-20,Friday,,
TRIP0474,Bus,North Station,West End,2024-01-01 13:53:00,14,39.2961122,7,2024-01-20,Wednesday,,
TRIP0475,train,Airport,South Point,2024-01-01 13:54:00,26,14.64503707,141,2024-01-20,Wednesday,,
TRIP0476,train,Airport,South Point,2024-01-01 13:55:00,87,,,2024-01-20,Friday,,
TRIP0477,Tram,North Station,South Point,2024-01-01 13:56:00,22,34.42947222,80,2024-01-20,Friday,,
TRIP0478,Ferry,South Point,Airport,2024-01-01 13:57:00,48,16.95657978,91,2024-01-20,Tuesday,,
TRIP0479,FERRY,South Point,Airport,2024-01-01 13:58:00,83,3.300989979,18,2024-01-20,Friday,,
TRIP0480,FERRY,Downtown,Central,2024-01-01 13:59:00,51,19.00909183,22,2024-01-20,Thursday,,
TRIP0481,Tram,Airport,South Point,2024-01-01 14:00:00,,47.25020484,117,2024-01-21,Friday,,
TRIP0482,Train,Downtown,Downtown,2024-01-01 14:01:00,42,32.26585267,77,2024-01-21,Thursday,,
TRIP0483,Train,Airport,West End,2024-01-01 14:02:00,19,33.73821786,27,2024-01-21,Friday,,
TRIP0484,FERRY,West End,North Station,2024-01-01 14:03:00,73,31.79796661,87,2024-01-21,Tuesday,,
TRIP0485,BUS,West End,Downtown,2024-01-01 14:04:00,28,10.35011088,129,2024-01-21,Thursday,,
TRIP0486,train,Central,Airport,2024-01-01 14:05:00,84,21.20752627,179,2024-01-21,Monday,,
TRIP0487,Ferry,Downtown,Airport,2024-01-01 14:06:00,45,37.67152002,73,2024-01-21,Thursday,,
TRIP0488,Bus,North Station,Downtown,2024-01-01 14:07:00,,5.517958429,51,2024-01-21,Sunday,,
TRIP0489,Train,Downtown,Airport,2024-01-01 14:08:00,78,14.25371242,120,2024-01-21,Tuesday,,
TRIP0490,FERRY,North Station,South Point,2024-01-01 14:09:00,,14.17779587,34,2024-01-21,Saturday,,
TRIP0491,train,South Point,Central,2024-01-01 14:10:00,73,21.88493692,29,2024-01-21,Thursday,,
TRIP0492,bus,Downtown,airport,2024-01-01 14:11:00,,49.02825268,160,2024-01-21,Sunday,,
TRIP0493,train,South Point,Central,2024-01-01 14:12:00,47,,116,2024-01-21,Sunday,,
TRIP0494,Train,West End,West End,2024-01-01 14:13:00,14,,29,2024-01-21,Sunday,,
TRIP0495,Train,West End,West End,2024-01-01 14:14:00,,9.37855176,78,2024-01-21,Friday,,
TRIP0496,train, Central ,Central,2024-01-01 14:15:00,53,48.548489,62,2024-01-21,Sunday,,
TRIP0497,Bus,Downtown,Downtown,2024-01-01 14:16:00,61,6.108523484,98,2024-01-21,Friday,,
TRIP0498,Tram,South Point,West End,2024-01-01 14:17:00,36,20.47824962,123,2024-01-21,Saturday,,
TRIP0499,Train,North Station,Central,2024-01-01 14:18:00,,37.02530675,131,2024-01-21,Tuesday,,
TRIP0500,train,West End,West End,2024-01-01 14:19:00,,35.37544419,173,2024-01-21,Wednesday,,
TRIP0501,FERRY,West End,North Station,2024-01-01 14:20:00,,21.42506753,29,2024-01-21,Friday,,
TRIP0502,train,North Station,Downtown,2024-01-01 14:21:00,9,17.65294631,82,2024-01-21,Sunday,,
TRIP0503,Ferry,South Point,South Point,2024-01-01 14:22:00,64,20.18181274,103,2024-01-21,Sunday,,
TRIP0504,Tram, Central ,West End,2024-01-01 14:23:00,,13.58167503,120,2024-01-21,Monday,,
TRIP0505,BUS,Downtown,North Station,2024-01-01 14:24:00,52,10.66398047,52,2024-01-22,Sunday,,
TRIP0506,Bus,Downtown,South Point,2024-01-01 14:25:00,89,24.41046503,,2024-01-22,Tuesday,,
TRIP0507,bus,Airport,South Point,2024-01-01 14:26:00,14,13.79242093,103,2024-01-22,Thursday,,
TRIP0508,Tram,Airport,airport,2024-01-01 14:27:00,75,14.72935241,15,2024-01-22,Thursday,,
TRIP0509,Tram,Central,Central,2024-01-01 14:28:00,53,33.00942514,89,2024-01-22,Sunday,,
TRIP0510,Tram,West End,West End,2024-01-01 14:29:00,,,153,2024-01-22,Monday,,
TRIP0511,bus,Downtown,North Station,2024-01-01 14:30:00,,30.38004143,177,2024-01-22,Friday,,
TRIP0512,FERRY,South Point,South Point,2024-01-01 14:31:00,78,4.31048362,139,2024-01-22,Tuesday,,
TRIP0513,Tram,North Station,West End,2024-01-01 14:32:00,94,4.241388886,,2024-01-22,Monday,,
TRIP0514,train,South Point,Central,2024-01-01 14:33:00,41,47.59544943,68,2024-01-22,Friday,,
TRIP0515,bus, Central ,West End,2024-01-01 14:34:00,68,15.21589412,,2024-01-22,Tuesday,,
TRIP0516,fErry,Airport,Downtown,2024-01-01 14:35:00,68,,,2024-01-22,Sunday,,
TRIP0517,train, Central ,Central,2024-01-01 14:36:00,92,30.15270706,125,2024-01-22,Thursday,,
TRIP0518,FERRY,Central,North Station,2024-01-01 14:37:00,8,31.37061453,46,2024-01-22,Tuesday,,
TRIP0519,Ferry,West End,South Point,2024-01-01 14:38:00,,32.6009886,58,2024-01-22,Sunday,,
TRIP0520,fErry,Airport,West End,2024-01-01 14:39:00,86,13.73640038,79,2024-01-22,Saturday,,
TRIP0521,Tram,North Station,Central,2024-01-01 14:40:00,41,1.247978869,,2024-01-22,Wednesday,,
TRIP0522,bus,Airport,Downtown,2024-01-01 14:41:00,55,48.26826079,22,2024-01-22,Tuesday,,
TRIP0523,BUS, Central ,Central,2024-01-01 14:42:00,16,12.91920576,94,2024-01-22,Wednesday,,
TRIP0524,Tram,West End,airport,2024-01-01 14:43:00,93,33.96330126,148,2024-01-22,Tuesday,,
TRIP0525,Train,North Station,Downtown,2024-01-01 14:44:00,62,35.47817856,10,2024-01-22,Wednesday,,
TRIP0526,train,Central,North Station,2024-01-01 14:45:00,48,30.69536715,112,2024-01-22,Saturday,,
TRIP0527,Ferry,Airport,South Point,2024-01-01 14:46:00,30,15.98891601,179,2024-01-22,Thursday,,
TRIP0528,Bus, Central ,North Station,2024-01-01 14:47:00,12,13.91926456,52,2024-01-22,Friday,,
TRIP0529,FERRY,West End,West End,2024-01-01 14:48:00,35,30.08457999,,2024-01-23,Wednesday,,
TRIP0530,Ferry,Downtown,Central,2024-01-01 14:49:00,11,43.37173386,80,2024-01-23,Saturday,,
TRIP0531,Tram,Central,Airport,2024-01-01 14:50:00,64,47.36331958,81,2024-01-23,Wednesday,,
TRIP0532,Train,Central,Downtown,2024-01-01 14:51:00,,5.742337318,136,2024-01-23,Thursday,,
TRIP0533,FERRY,Airport,Downtown,2024-01-01 14:52:00,85,8.164016324,134,2024-01-23,Wednesday,,
TRIP0534,Train,Airport,Central,2024-01-01 14:53:00,21,47.26444481,63,2024-01-23,Saturday,,
TRIP0535,bus,North Station,Airport,2024-01-01 14:54:00,69,36.9584938,159,2024-01-23,Sunday,,
TRIP0536,Train,Airport,Central,2024-01-01 14:55:00,48,44.20819433,31,2024-01-23,Saturday,,
TRIP0537,bus,South Point,West End,2024-01-01 14:56:00,20,10.53031539,83,2024-01-23,Monday,,
TRIP0538,train,West End,North Station,2024-01-01 14:57:00,67,29.58550062,76,2024-01-23,Thursday,,
TRIP0539,FERRY,West End,Downtown,2024-01-01 14:58:00,44,,11,2024-01-23,Sunday,,
TRIP0540,BUS,Downtown,West End,2024-01-01 14:59:00,,34.16553833,115,2024-01-23,Monday,,
TRIP0541,Bus,Downtown,North Station,2024-01-01 15:00:00,73,20.7035087,123,2024-01-23,Thursday,,
TRIP0542,Tram,West End,West End,2024-01-01 15:01:00,61,1.262047139,178,2024-01-23,Sunday,,
TRIP0543,bus,Downtown,Airport,2024-01-01 15:02:00,9,29.35483981,67,2024-01-23,Wednesday,,
TRIP0544,Bus,North Station,airport,2024-01-01 15:03:00,68,13.02852619,128,2024-01-23,Sunday,,
TRIP0545,Train,Airport,Central,2024-01-01 15:04:00,35,22.78758518,16,2024-01-23,Saturday,,
TRIP0546,Train,West End,Central,2024-01-01 15:05:00,81,47.90026025,145,2024-01-23,Monday,,
TRIP0547,Bus,Downtown,North Station,2024-01-01 15:06:00,98,20.25224822,47,2024-01-23,Wednesday,,
TRIP0548,FERRY,West End,South Point,2024-01-01 15:07:00,88,42.07017953,,2024-01-23,Saturday,,
TRIP0549,Train,South Point,Airport,2024-01-01 15:08:00,96,9.832759985,67,2024-01-23,Thursday,,
TRIP0550,train,Central,North Station,2024-01-01 15:09:00,65,33.78679465,124,2024-01-23,Sunday,,
TRIP0551,train,Airport,South Point,2024-01-01 15:10:00,,48.86184424,40,2024-01-23,Saturday,,
TRIP0552,Bus,West End,West End,2024-01-01 15:11:00,,5.543708493,12,2024-01-23,Wednesday,,
TRIP0553,bus,Central,Airport,2024-01-01 15:12:00,87,0.9118371402,73,2024-01-24,Monday,,
TRIP0554,bus,Downtown,West End,2024-01-01 15:13:00,47,21.96234824,94,2024-01-24,Monday,,
TRIP0555,Bus,Central,Downtown,2024-01-01 15:14:00,40,,40,2024-01-24,Sunday,,
TRIP0556,bus,Airport,Airport,2024-01-01 15:15:00,76,37.54502531,32,2024-01-24,Saturday,,
TRIP0557,FERRY,West End,South Point,2024-01-01 15:16:00,54,45.77015886,122,2024-01-24,Wednesday,,
TRIP0558,FERRY, Central ,Downtown,2024-01-01 15:17:00,76,21.98403815,97,2024-01-24,Tuesday,,
TRIP0559,bus,Downtown,Central,2024-01-01 15:18:00,46,13.30622629,179,2024-01-24,Thursday,,
TRIP0560,train,West End,South Point,2024-01-01 15:19:00,47,,80,2024-01-24,Thursday,,
TRIP0561,bus,Airport,North Station,2024-01-01 15:20:00,15,36.31066698,105,2024-01-24,Wednesday,,
TRIP0562,FERRY,Downtown,Central,2024-01-01 15:21:00,,0.9481809982,162,2024-01-24,Tuesday,,
TRIP0563,BUS,North Station,Central,2024-01-01 15:22:00,26,29.67797248,155,2024-01-24,Monday,,
TRIP0564,fErry,Central,North Station,2024-01-01 15:23:00,52,,148,2024-01-24,Sunday,,
TRIP0565,Train,Airport,Airport,2024-01-01 15:24:00,93,32.06556822,18,2024-01-24,Friday,,
TRIP0566,Ferry, Central ,Central,2024-01-01 15:25:00,22,12.48009296,75,2024-01-24,Friday,,
TRIP0567,bus,West End,South Point,2024-01-01 15:26:00,21,35.84560981,128,2024-01-24,Sunday,,
TRIP0568,train,South Point,Downtown,2024-01-01 15:27:00,,,129,2024-01-24,Wednesday,,
TRIP0569,Bus,Downtown,Central,2024-01-01 15:28:00,38,10.36388166,41,2024-01-24,Tuesday,,
TRIP0570,bus,Central,South Point,2024-01-01 15:29:00,20,43.93476731,33,2024-01-24,Tuesday,,
TRIP0571,train,Downtown,West End,2024-01-01 15:30:00,29,37.06679596,147,2024-01-24,Thursday,,
TRIP0572,Tram,West End,South Point,2024-01-01 15:31:00,51,1.180404924,179,2024-01-24,Monday,,
TRIP0573,bus,Downtown,Downtown,2024-01-01 15:32:00,4,12.79462489,178,2024-01-24,Saturday,,
TRIP0574,FERRY,Central,South Point,2024-01-01 15:33:00,55,11.11312091,23,2024-01-24,Tuesday,,
TRIP0575,Bus,West End,North Station,2024-01-01 15:34:00,71,13.90491324,110,2024-01-24,Sunday,,
TRIP0576,train,Downtown,Downtown,2024-01-01 15:35:00,92,12.75420863,25,2024-01-24,Saturday,,
TRIP0577,train,South Point,Airport,2024-01-01 15:36:00,28,3.595051639,68,2024-01-25,Friday,,
TRIP0578,train,Airport,West End,2024-01-01 15:37:00,4,23.21755557,169,2024-01-25,Saturday,,
TRIP0579,Tram,West End,North Station,2024-01-01 15:38:00,22,36.770307,31,2024-01-25,Monday,,
TRIP0580,bus,Airport,Airport,2024-01-01 15:39:00,76,30.53322037,,2024-01-25,Sunday,,
TRIP0581,Tram,West End,South Point,2024-01-01 15:40:00,45,33.8071476,33,2024-01-25,Monday,,
TRIP0582,Train,South Point,Downtown,2024-01-01 15:41:00,67,4.516884338,152,2024-01-25,Saturday,,
TRIP0583,Train,Airport,West End,2024-01-01 15:42:00,86,47.59879015,29,2024-01-25,Wednesday,,
TRIP0584,bus,North Station,North Station,2024-01-01 15:43:00,66,42.00534578,,2024-01-25,Tuesday,,
TRIP0585,FERRY,Central,Airport,2024-01-01 15:44:00,88,,67,2024-01-25,Sunday,,
TRIP0586,Tram,North Station,Airport,2024-01-01 15:45:00,34,41.23769835,168,2024-01-25,Wednesday,,
TRIP0587,Bus,Downtown,West End,2024-01-01 15:46:00,91,46.66917015,134,2024-01-25,Saturday,,
TRIP0588,train,South Point,South Point,2024-01-01 15:47:00,55,27.44057132,154,2024-01-25,Tuesday,,
TRIP0589,train,North Station,West End,2024-01-01 15:48:00,1,10.41395988,20,2024-01-25,Thursday,,
TRIP0590,bus,West End,Airport,2024-01-01 15:49:00,72,31.03078859,150,2024-01-25,Wednesday,,
TRIP0591,FERRY,Downtown,Central,2024-01-01 15:50:00,87,37.27263394,104,2024-01-25,Wednesday,,
TRIP0592,Train,Downtown,North Station,2024-01-01 15:51:00,,37.02691097,34,2024-01-25,Saturday,,
TRIP0593,fErry,North Station,West End,2024-01-01 15:52:00,6,,49,2024-01-25,Friday,,
TRIP0594,BUS,North Station,Airport,2024-01-01 15:53:00,86,3.888706607,23,2024-01-25,Saturday,,
TRIP0595,bus,South Point,South Point,2024-01-01 15:54:00,25,18.87009045,38,2024-01-25,Wednesday,,
TRIP0596,BUS,Central,Airport,2024-01-01 15:55:00,82,46.07794712,145,2024-01-25,Tuesday,,
TRIP0597,Train,North Station,South Point,2024-01-01 15:56:00,,29.43022103,175,2024-01-25,Friday,,
TRIP0598,Tram,North Station,airport,2024-01-01 15:57:00,61,27.14743119,66,2024-01-25,Saturday,,
TRIP0599,FERRY,Airport,South Point,2024-01-01 15:58:00,12,13.80824896,122,2024-01-25,Sunday,,
TRIP0600,Train,West End,Downtown,2024-01-01 15:59:00,6,18.73822154,104,2024-01-25,Saturday,,
TRIP0601,Train, Central ,Downtown,2024-01-01 16:00:00,90,44.81963141,26,2024-01-26,Wednesday,,
TRIP0602,Ferry,Airport,airport,2024-01-01 16:01:00,27,33.48992085,115,2024-01-26,Wednesday,,
TRIP0603,Train,Downtown,Central,2024-01-01 16:02:00,8,39.47565782,168,2024-01-26,Thursday,,
TRIP0604,Bus,Central,West End,2024-01-01 16:03:00,83,22.99009844,77,2024-01-26,Saturday,,
TRIP0605,bus,West End,Airport,2024-01-01 16:04:00,65,31.69723736,151,2024-01-26,Wednesday,,
TRIP0606,bus,South Point,Airport,2024-01-01 16:05:00,57,12.79498863,42,2024-01-26,Sunday,,
TRIP0607,Tram,South Point,Central,2024-01-01 16:06:00,93,35.4203111,74,2024-01-26,Monday,,
TRIP0608,FERRY,North Station,South Point,2024-01-01 16:07:00,99,21.66626602,120,2024-01-26,Friday,,
TRIP0609,Train,North Station,Central,2024-01-01 16:08:00,40,22.40600298,83,2024-01-26,Monday,,
TRIP0610,Bus,South Point,South Point,2024-01-01 16:09:00,14,,152,2024-01-26,Friday,,
TRIP0611,Tram,North Station,South Point,2024-01-01 16:10:00,35,46.84589076,13,2024-01-26,Sunday,,
TRIP0612,Ferry,Central,North Station,2024-01-01 16:11:00,48,3.668314157,36,2024-01-26,Saturday,,
TRIP0613,Tram,Airport,Airport,2024-01-01 16:12:00,84,41.32479025,136,2024-01-26,Thursday,,
TRIP0614,Tram,North Station,Downtown,2024-01-01 16:13:00,56,14.97296397,54,2024-01-26,Wednesday,,
TRIP0615,Train,Downtown,South Point,2024-01-01 16:14:00,49,22.474013,,2024-01-26,Wednesday,,
TRIP0616,Ferry, Central ,North Station,2024-01-01 16:15:00,13,,,2024-01-26,Wednesday,,
TRIP0617,Tram,West End,Airport,2024-01-01 16:16:00,,15.40178085,152,2024-01-26,Saturday,,
TRIP0618,Bus,Central,Downtown,2024-01-01 16:17:00,49,25.38024651,91,2024-01-26,Friday,,
TRIP0619,Bus,West End,South Point,2024-01-01 16:18:00,46,3.280715829,130,2024-01-26,Sunday,,
TRIP0620,bus,West End,South Point,2024-01-01 16:19:00,62,24.8092386,79,2024-01-26,Wednesday,,
TRIP0621,Ferry,Downtown,Central,2024-01-01 16:20:00,8,46.39197613,169,2024-01-26,Monday,,
TRIP0622,Ferry,Central,Central,2024-01-01 16:21:00,43,5.716964296,26,2024-01-26,Wednesday,,
TRIP0623,bus,Central,Airport,2024-01-01 16:22:00,,38.33981604,,2024-01-26,Saturday,,
TRIP0624,Tram, Central ,Downtown,2024-01-01 16:23:00,97,,48,2024-01-26,Sunday,,
TRIP0625,Ferry,Central,South Point,2024-01-01 16:24:00,90,32.93109887,,2024-01-27,Thursday,,
TRIP0626,Bus,Central,Airport,2024-01-01 16:25:00,39,13.3817116,81,2024-01-27,Sunday,,
TRIP0627,BUS,Downtown,Airport,2024-01-01 16:26:00,85,,46,2024-01-27,Monday,,
TRIP0628,Train, Central ,West End,2024-01-01 16:27:00,49,8.442899406,141,2024-01-27,Wednesday,,
TRIP0629,BUS,West End,Central,2024-01-01 16:28:00,64,3.989351309,110,2024-01-27,Wednesday,,
TRIP0630,Tram,Central,Downtown,2024-01-01 16:29:00,62,,99,2024-01-27,Tuesday,,
TRIP0631,bus,North Station,South Point,2024-01-01 16:30:00,54,33.37885956,139,2024-01-27,Friday,,
TRIP0632,bus,North Station,Airport,2024-01-01 16:31:00,9,44.14368529,72,2024-01-27,Monday,,
TRIP0633,Tram,West End,South Point,2024-01-01 16:32:00,88,,151,2024-01-27,Tuesday,,
TRIP0634,BUS,Downtown,West End,2024-01-01 16:33:00,37,34.41414834,163,2024-01-27,Sunday,,
TRIP0635,train,South Point,Downtown,2024-01-01 16:34:00,49,5.966377239,132,2024-01-27,Thursday,,
TRIP0636,BUS,South Point,Airport,2024-01-01 16:35:00,41,14.81477859,167,2024-01-27,Friday,,
TRIP0637,bus,North Station,South Point,2024-01-01 16:36:00,17,15.83544033,89,2024-01-27,Monday,,
TRIP0638,BUS,Airport,Central,2024-01-01 16:37:00,88,12.87286885,163,2024-01-27,Wednesday,,
TRIP0639,Train,Airport,West End,2024-01-01 16:38:00,21,,87,2024-01-27,Sunday,,
TRIP0640,Ferry,West End,Downtown,2024-01-01 16:39:00,51,27.00991384,99,2024-01-27,Monday,,
TRIP0641,FERRY,South Point,West End,2024-01-01 16:40:00,,18.16585577,36,2024-01-27,Wednesday,,
TRIP0642,Bus,North Station,Central,2024-01-01 16:41:00,39,18.01256336,70,2024-01-27,Friday,,
TRIP0643,Train,Downtown,Downtown,2024-01-01 16:42:00,55,41.5135021,120,2024-01-27,Wednesday,,
TRIP0644,bus,South Point,West End,2024-01-01 16:43:00,41,39.56999599,142,2024-01-27,Thursday,,
TRIP0645,Train,North Station,North Station,2024-01-01 16:44:00,39,15.73589367,,2024-01-27,Sunday,,
TRIP0646,Train,North Station,Central,2024-01-01 16:45:00,,45.73252797,64,2024-01-27,Saturday,,
TRIP0647,Train,Central,Central,2024-01-01 16:46:00,64,47.66434334,21,2024-01-27,Wednesday,,
TRIP0648,train,Downtown,Central,2024-01-01 16:47:00,11,16.67375583,100,2024-01-27,Thursday,,
TRIP0649,Train,Central,North Station,2024-01-01 16:48:00,19,18.04403497,148,2024-01-28,Saturday,,
TRIP0650,Ferry,West End,North Station,2024-01-01 16:49:00,11,25.52889059,20,2024-01-28,Sunday,,
TRIP0651,Bus,Central,South Point,2024-01-01 16:50:00,77,47.08548022,50,2024-01-28,Friday,,
TRIP0652,FERRY,Central,Airport,2024-01-01 16:51:00,46,43.87781194,171,2024-01-28,Friday,,
TRIP0653,Tram,South Point,West End,2024-01-01 16:52:00,45,5.577114148,163,2024-01-28,Sunday,,
TRIP0654,Train,Airport,South Point,2024-01-01 16:53:00,1,19.94017179,111,2024-01-28,Sunday,,
TRIP0655,bus,North Station,West End,2024-01-01 16:54:00,40,,92,2024-01-28,Monday,,
TRIP0656,Train,Downtown,Airport,2024-01-01 16:55:00,19,25.40505739,133,2024-01-28,Thursday,,
TRIP0657,bus,Central,North Station,2024-01-01 16:56:00,76,,143,2024-01-28,Thursday,,
TRIP0658,Ferry,Downtown,Airport,2024-01-01 16:57:00,72,43.01143017,123,2024-01-28,Sunday,,
TRIP0659,bus,Airport,North Station,2024-01-01 16:58:00,72,34.00856876,89,2024-01-28,Tuesday,,
TRIP0660,fErry, Central ,Airport,2024-01-01 16:59:00,,41.97646456,8,2024-01-28,Tuesday,,
TRIP0661,Bus,Central,South Point,2024-01-01 17:00:00,12,43.00883183,,2024-01-28,Saturday,,
TRIP0662,bus,West End,Downtown,2024-01-01 17:01:00,61,37.54361476,158,2024-01-28,Saturday,,
TRIP0663,bus,Central,South Point,2024-01-01 17:02:00,33,,115,2024-01-28,Tuesday,,
TRIP0664,Bus,South Point,West End,2024-01-01 17:03:00,45,30.72206437,54,2024-01-28,Sunday,,
TRIP0665,Tram,North Station,South Point,2024-01-01 17:04:00,90,8.438087603,144,2024-01-28,Sunday,,
TRIP0666,Train,West End,Central,2024-01-01 17:05:00,92,33.84544817,99,2024-01-28,Saturday,,
TRIP0667,bus,Central,West End,2024-01-01 17:06:00,69,9.373036159,96,2024-01-28,Wednesday,,
TRIP0668,Bus,Downtown,Airport,2024-01-01 17:07:00,,34.85050473,69,2024-01-28,Sunday,,
TRIP0669,Ferry,West End,West End,2024-01-01 17:08:00,25,11.86510896,51,2024-01-28,Tuesday,,
TRIP0670,Bus,West End,Downtown,2024-01-01 17:09:00,91,6.318789357,110,2024-01-28,Thursday,,
TRIP0671,Ferry,Central,North Station,2024-01-01 17:10:00,46,8.681582262,,2024-01-28,Sunday,,
TRIP0672,Tram,West End,Airport,2024-01-01 17:11:00,87,,110,2024-01-28,Sunday,,
TRIP0673,Train,Downtown,West End,2024-01-01 17:12:00,30,36.07761108,28,2024-01-29,Wednesday,,
TRIP0674,Bus,Airport,Airport,2024-01-01 17:13:00,47,36.75385193,,2024-01-29,Saturday,,
TRIP0675,FERRY,West End,Airport,2024-01-01 17:14:00,87,25.98920082,112,2024-01-29,Sunday,,
TRIP0676,FERRY,Airport,Airport,2024-01-01 17:15:00,49,8.487458652,,2024-01-29,Friday,,
TRIP0677,train,Downtown,North Station,2024-01-01 17:16:00,47,4.635939707,,2024-01-29,Monday,,
TRIP0678,bus,Central,South Point,2024-01-01 17:17:00,84,1.446883839,44,2024-01-29,Tuesday,,
TRIP0679,Tram,North Station,Airport,2024-01-01 17:18:00,82,8.70453476,54,2024-01-29,Friday,,
TRIP0680,Bus,West End,Central,2024-01-01 17:19:00,,,175,2024-01-29,Saturday,,
TRIP0681,FERRY,North Station,Downtown,2024-01-01 17:20:00,66,12.45607366,79,2024-01-29,Thursday,,
TRIP0682,bus,Downtown,North Station,2024-01-01 17:21:00,68,18.0364307,16,2024-01-29,Monday,,
TRIP0683,FERRY,West End,West End,2024-01-01 17:22:00,94,5.714601482,31,2024-01-29,Friday,,
TRIP0684,Bus,Airport,North Station,2024-01-01 17:23:00,33,11.50688459,117,2024-01-29,Monday,,
TRIP0685,BUS,South Point,West End,2024-01-01 17:24:00,36,,53,2024-01-29,Tuesday,,
TRIP0686,Bus,North Station,North Station,2024-01-01 17:25:00,82,30.58375781,148,2024-01-29,Saturday,,
TRIP0687,train,West End,West End,2024-01-01 17:26:00,,12.64493955,134,2024-01-29,Sunday,,
TRIP0688,Bus,North Station,Airport,2024-01-01 17:27:00,28,3.357741882,64,2024-01-29,Thursday,,
TRIP0689,Bus,West End,South Point,2024-01-01 17:28:00,40,19.85612702,34,2024-01-29,Saturday,,
TRIP0690,train,Central,West End,2024-01-01 17:29:00,,,88,2024-01-29,Monday,,
TRIP0691,Tram,Airport,West End,2024-01-01 17:30:00,97,11.3679192,170,2024-01-29,Friday,,
TRIP0692,Bus,North Station,Central,2024-01-01 17:31:00,76,48.01320873,,2024-01-29,Tuesday,,
TRIP0693,train,South Point,West End,2024-01-01 17:32:00,15,31.00687405,29,2024-01-29,Tuesday,,
TRIP0694,bus,South Point,Central,2024-01-01 17:33:00,41,28.06548294,,2024-01-29,Saturday,,
TRIP0695,Ferry,Downtown,Downtown,2024-01-01 17:34:00,39,21.08086762,129,2024-01-29,Sunday,,
TRIP0696,Ferry,West End,Airport,2024-01-01 17:35:00,2,21.7327445,14,2024-01-29,Friday,,
TRIP0697,Bus,North Station,Central,2024-01-01 17:36:00,63,27.27479769,46,2024-01-30,Sunday,,
TRIP0698,Tram,Downtown,South Point,2024-01-01 17:37:00,29,34.97327545,44,2024-01-30,Sunday,,
TRIP0699,Tram,North Station,Airport,2024-01-01 17:38:00,74,35.25623176,81,2024-01-30,Friday,,
TRIP0700,bus,West End,Central,2024-01-01 17:39:00,66,8.998848431,109,2024-01-30,Monday,,
TRIP0701,Bus,South Point,Airport,2024-01-01 17:40:00,,25.25558123,122,2024-01-30,Saturday,,
TRIP0702,Ferry,Central,Airport,2024-01-01 17:41:00,75,20.8919257,46,2024-01-30,Saturday,,
TRIP0703,Tram,South Point,Airport,2024-01-01 17:42:00,,43.59108483,51,2024-01-30,Wednesday,,
TRIP0704,Bus,Downtown,Downtown,2024-01-01 17:43:00,10,,,2024-01-30,Saturday,,
TRIP0705,FERRY,Airport,South Point,2024-01-01 17:44:00,,26.85895129,26,2024-01-30,Tuesday,,
TRIP0706,BUS,Central,North Station,2024-01-01 17:45:00,82,6.212034788,,2024-01-30,Monday,,
TRIP0707,train,Downtown,North Station,2024-01-01 17:46:00,51,,31,2024-01-30,Friday,,
TRIP0708,FERRY,West End,Central,2024-01-01 17:47:00,73,6.301593331,45,2024-01-30,Saturday,,
TRIP0709,Tram,Central,Airport,2024-01-01 17:48:00,39,17.19172549,84,2024-01-30,Monday,,
TRIP0710,Ferry,Downtown,Central,2024-01-01 17:49:00,28,7.570677258,166,2024-01-30,Saturday,,
TRIP0711,Train,West End,Downtown,2024-01-01 17:50:00,3,34.75764553,164,2024-01-30,Friday,,
TRIP0712,fErry,South Point,Downtown,2024-01-01 17:51:00,84,10.70947963,93,2024-01-30,Thursday,,
TRIP0713,bus,Airport,West End,2024-01-01 17:52:00,70,19.89703897,70,2024-01-30,Friday,,
TRIP0714,bus,West End,Downtown,2024-01-01 17:53:00,27,44.83590149,16,2024-01-30,Friday,,
TRIP0715,Ferry,North Station,airport,2024-01-01 17:54:00,2,10.61366098,172,2024-01-30,Friday,,
TRIP0716,fErry,West End,South Point,2024-01-01 17:55:00,93,25.63635067,77,2024-01-30,Saturday,,
TRIP0717,Bus,West End,Central,2024-01-01 17:56:00,38,21.25394723,80,2024-01-30,Wednesday,,
TRIP0718,Tram,Airport,South Point,2024-01-01 17:57:00,3,1.397140032,94,2024-01-30,Friday,,
TRIP0719,Ferry,North Station,Downtown,2024-01-01 17:58:00,16,39.74152662,14,2024-01-30,Tuesday,,
TRIP0720,bus,Downtown,South Point,2024-01-01 17:59:00,94,3.917772363,100,2024-01-30,Tuesday,,
TRIP0721,Tram,Downtown,South Point,2024-01-01 18:00:00,40,23.97562354,24,2024-01-31,Monday,,
TRIP0722,bus,West End,South Point,2024-01-01 18:01:00,2,28.2535756,43,2024-01-31,Wednesday,,
TRIP0723,FERRY,North Station,Downtown,2024-01-01 18:02:00,81,,64,2024-01-31,Monday,,
TRIP0724,Bus,North Station,Airport,2024-01-01 18:03:00,41,,70,2024-01-31,Tuesday,,
TRIP0725,fErry, Central ,South Point,2024-01-01 18:04:00,12,13.03698298,69,2024-01-31,Sunday,,
TRIP0726,bus,South Point,West End,2024-01-01 18:05:00,35,0.9939494446,128,2024-01-31,Tuesday,,
TRIP0727,bus,Downtown,Downtown,2024-01-01 18:06:00,65,36.31046129,168,2024-01-31,Thursday,,
TRIP0728,BUS, Central ,South Point,2024-01-01 18:07:00,55,27.01500167,156,2024-01-31,Friday,,
TRIP0729,Train,Central,Airport,2024-01-01 18:08:00,45,41.88782631,159,2024-01-31,Sunday,,
TRIP0730,FERRY,Downtown,Downtown,2024-01-01 18:09:00,79,41.15872396,,2024-01-31,Tuesday,,
TRIP0731,train,Airport,North Station,2024-01-01 18:10:00,90,42.24464531,163,2024-01-31,Saturday,,
TRIP0732,FERRY,Downtown,Airport,2024-01-01 18:11:00,85,24.51218567,61,2024-01-31,Saturday,,
TRIP0733,BUS,South Point,West End,2024-01-01 18:12:00,62,17.01460559,82,2024-01-31,Monday,,
TRIP0734,bus,Central,South Point,2024-01-01 18:13:00,49,39.68213103,33,2024-01-31,Sunday,,
TRIP0735,Ferry,South Point,North Station,2024-01-01 18:14:00,95,22.83905859,19,2024-01-31,Monday,,
TRIP0736,FERRY,Central,North Station,2024-01-01 18:15:00,25,9.580388722,16,2024-01-31,Friday,,
TRIP0737,bus,West End,Downtown,2024-01-01 18:16:00,23,42.82121397,105,2024-01-31,Friday,,
TRIP0738,Ferry,Airport,North Station,2024-01-01 18:17:00,,44.1867139,160,2024-01-31,Thursday,,
TRIP0739,Ferry,Central,West End,2024-01-01 18:18:00,38,23.58233293,88,2024-01-31,Wednesday,,
TRIP0740,Train,South Point,West End,2024-01-01 18:19:00,28,4.247136502,129,2024-01-31,Monday,,
TRIP0741,FERRY,Downtown,Central,2024-01-01 18:20:00,21,,107,2024-01-31,Friday,,
TRIP0742,Tram,Central,West End,2024-01-01 18:21:00,54,40.27511414,28,2024-01-31,Monday,,
TRIP0743,Bus,Airport,Airport,2024-01-01 18:22:00,18,45.13781441,,2024-01-31,Friday,,
TRIP0744,Train,Central,North Station,2024-01-01 18:23:00,36,10.57190075,142,2024-01-31,Tuesday,,
TRIP0745,Train,North Station,West End,2024-01-01 18:24:00,99,,114,2024-02-01,Monday,,
TRIP0746,Tram,Downtown,Downtown,2024-01-01 18:25:00,45,43.92884743,82,2024-02-01,Tuesday,,
TRIP0747,Bus,Airport,Central,2024-01-01 18:26:00,73,19.77554448,105,2024-02-01,Monday,,
TRIP0748,bus,Airport,North Station,2024-01-01 18:27:00,53,27.31716773,150,2024-02-01,Wednesday,,
TRIP0749,train,West End,Central,2024-01-01 18:28:00,30,48.4192577,146,2024-02-01,Thursday,,
TRIP0750,FERRY,South Point,North Station,2024-01-01 18:29:00,60,3.794954032,166,2024-02-01,Saturday,,
TRIP0751,train,West End,Downtown,2024-01-01 18:30:00,98,32.59174137,132,2024-02-01,Saturday,,
TRIP0752,bus, Central ,Central,2024-01-01 18:31:00,32,4.168218417,62,2024-02-01,Saturday,,
TRIP0753,Train,Downtown,South Point,2024-01-01 18:32:00,67,19.08571196,80,2024-02-01,Tuesday,,
TRIP0754,Bus,Central,Airport,2024-01-01 18:33:00,67,40.28881999,154,2024-02-01,Sunday,,
TRIP0755,Train,Central,Airport,2024-01-01 18:34:00,28,21.95687552,,2024-02-01,Friday,,
TRIP0756,Ferry,Downtown,North Station,2024-01-01 18:35:00,44,49.86052652,177,2024-02-01,Saturday,,
TRIP0757,Train,Airport,South Point,2024-01-01 18:36:00,,,168,2024-02-01,Wednesday,,
TRIP0758,fErry, Central ,Central,2024-01-01 18:37:00,41,16.39752656,26,2024-02-01,Saturday,,
TRIP0759,bus, Central ,South Point,2024-01-01 18:38:00,63,11.39551063,131,2024-02-01,Monday,,
TRIP0760,bus,Central,South Point,2024-01-01 18:39:00,23,17.85076645,84,2024-02-01,Tuesday,,
TRIP0761,bus,South Point,Central,2024-01-01 18:40:00,75,18.94039705,104,2024-02-01,Sunday,,
TRIP0762,train,South Point,Downtown,2024-01-01 18:41:00,48,3.901327047,100,2024-02-01,Monday,,
TRIP0763,Ferry,North Station,South Point,2024-01-01 18:42:00,32,18.79392287,165,2024-02-01,Sunday,,
TRIP0764,bus,West End,South Point,2024-01-01 18:43:00,57,23.47980673,177,2024-02-01,Monday,,
TRIP0765,Bus,Downtown,Downtown,2024-01-01 18:44:00,33,36.27551874,168,2024-02-01,Monday,,
TRIP0766,train,Downtown,South Point,2024-01-01 18:45:00,24,33.00810949,152,2024-02-01,Thursday,,
TRIP0767,Tram,Downtown,South Point,2024-01-01 18:46:00,39,35.58389993,22,2024-02-01,Thursday,,
TRIP0768,fErry,North Station,South Point,2024-01-01 18:47:00,,0.9140022529,42,2024-02-01,Friday,,
TRIP0769,FERRY,South Point,Airport,2024-01-01 18:48:00,56,11.27453628,155,2024-02-02,Tuesday,,
TRIP0770,FERRY,Airport,West End,2024-01-01 18:49:00,28,33.25337228,113,2024-02-02,Wednesday,,
TRIP0771,fErry,Airport,Downtown,2024-01-01 18:50:00,37,24.45747372,127,2024-02-02,Wednesday,,
TRIP0772,bus,North Station,South Point,2024-01-01 18:51:00,7,0.7630170456,148,2024-02-02,Wednesday,,
TRIP0773,Tram,Airport,Airport,2024-01-01 18:52:00,68,40.3224848,153,2024-02-02,Monday,,
TRIP0774,Tram,Downtown,Downtown,2024-01-01 18:53:00,37,38.75407388,108,2024-02-02,Thursday,,
TRIP0775,train,West End,North Station,2024-01-01 18:54:00,56,,144,2024-02-02,Tuesday,,
TRIP0776,Tram,Central,North Station,2024-01-01 18:55:00,65,3.789934626,148,2024-02-02,Monday,,
TRIP0777,FERRY,South Point,South Point,2024-01-01 18:56:00,65,38.44249495,85,2024-02-02,Sunday,,
TRIP0778,Ferry,South Point,Airport,2024-01-01 18:57:00,47,29.39382259,91,2024-02-02,Thursday,,
TRIP0779,bus,North Station,Airport,2024-01-01 18:58:00,20,39.20701887,146,2024-02-02,Thursday,,
TRIP0780,fErry,South Point,airport,2024-01-01 18:59:00,,37.71147612,65,2024-02-02,Saturday,,
TRIP0781,train,Downtown,Downtown,2024-01-01 19:00:00,29,40.24860256,50,2024-02-02,Saturday,,
TRIP0782,FERRY,Airport,Airport,2024-01-01 19:01:00,74,,36,2024-02-02,Tuesday,,
TRIP0783,Ferry,Downtown,Downtown,2024-01-01 19:02:00,60,7.446063651,19,2024-02-02,Sunday,,
TRIP0784,Train,North Station,Airport,2024-01-01 19:03:00,18,33.72229493,48,2024-02-02,Tuesday,,
TRIP0785,Train,Downtown,West End,2024-01-01 19:04:00,92,31.21345236,149,2024-02-02,Tuesday,,
TRIP0786,Ferry,Airport,Airport,2024-01-01 19:05:00,35,37.24153277,173,2024-02-02,Monday,,
TRIP0787,FERRY,West End,airport,2024-01-01 19:06:00,43,8.9091098,58,2024-02-02,Friday,,
TRIP0788,train,North Station,Downtown,2024-01-01 19:07:00,95,10.1512724,48,2024-02-02,Tuesday,,
TRIP0789,Ferry,West End,Airport,2024-01-01 19:08:00,91,44.5752711,102,2024-02-02,Saturday,,
TRIP0790,bus,Central,Airport,2024-01-01 19:09:00,11,37.62390102,9,2024-02-02,Friday,,
TRIP0791,BUS, Central ,Downtown,2024-01-01 19:10:00,49,45.45731019,113,2024-02-02,Monday,,
TRIP0792,Train,Central,West End,2024-01-01 19:11:00,38,38.0564084,,2024-02-02,Friday,,
TRIP0793,Tram,Central,West End,2024-01-01 19:12:00,64,30.05918765,120,2024-02-03,Wednesday,,
TRIP0794,train,West End,Downtown,2024-01-01 19:13:00,,32.87957048,91,2024-02-03,Sunday,,
TRIP0795,Train,North Station,Central,2024-01-01 19:14:00,8,44.51183224,108,2024-02-03,Friday,,
TRIP0796,BUS,Airport,airport,2024-01-01 19:15:00,34,29.15093435,127,2024-02-03,Tuesday,,
TRIP0797,BUS,Downtown,Downtown,2024-01-01 19:16:00,48,31.80337055,83,2024-02-03,Monday,,
TRIP0798,bus,Downtown,West End,2024-01-01 19:17:00,,8.245597442,47,2024-02-03,Sunday,,
TRIP0799,FERRY,Airport,West End,2024-01-01 19:18:00,76,23.9591004,101,2024-02-03,Tuesday,,
TRIP0800,Bus,Central,airport,2024-01-01 19:19:00,65,35.96165704,35,2024-02-03,Sunday,,
TRIP0801,FERRY,Central,Downtown,2024-01-01 19:20:00,,13.91166357,103,2024-02-03,Saturday,,
TRIP0802,Bus,North Station,airport,2024-01-01 19:21:00,4,10.51158194,21,2024-02-03,Wednesday,,
TRIP0803,Ferry,South Point,airport,2024-01-01 19:22:00,50,16.03442701,87,2024-02-03,Saturday,,
TRIP0804,BUS,West End,Downtown,2024-01-01 19:23:00,,12.45428109,114,2024-02-03,Tuesday,,
TRIP0805,fErry,Central,Downtown,2024-01-01 19:24:00,30,11.13817553,,2024-02-03,Tuesday,,
TRIP0806,BUS,Downtown,South Point,2024-01-01 19:25:00,88,21.53011672,,2024-02-03,Tuesday,,
TRIP0807,Bus,North Station,Central,2024-01-01 19:26:00,59,45.43800644,145,2024-02-03,Thursday,,
TRIP0808,FERRY,West End,North Station,2024-01-01 19:27:00,67,,39,2024-02-03,Wednesday,,
TRIP0809,Tram,North Station,Central,2024-01-01 19:28:00,75,9.80205885,137,2024-02-03,Sunday,,
TRIP0810,Bus,West End,South Point,2024-01-01 19:29:00,45,4.310097634,33,2024-02-03,Tuesday,,
TRIP0811,BUS,West End,North Station,2024-01-01 19:30:00,4,34.95972918,74,2024-02-03,Tuesday,,
TRIP0812,Bus,Airport,Downtown,2024-01-01 19:31:00,26,19.44853884,157,2024-02-03,Sunday,,
TRIP0813,train,Central,South Point,2024-01-01 19:32:00,27,41.18063186,99,2024-02-03,Saturday,,
TRIP0814,bus,North Station,Downtown,2024-01-01 19:33:00,46,33.14578305,26,2024-02-03,Saturday,,
TRIP0815,train,North Station,West End,2024-01-01 19:34:00,64,39.9139518,177,2024-02-03,Tuesday,,
TRIP0816,Train,Airport,Airport,2024-01-01 19:35:00,,13.96132895,73,2024-02-03,Monday,,
TRIP0817,Tram, Central ,South Point,2024-01-01 19:36:00,51,34.77176666,,2024-02-04,Thursday,,
TRIP0818,BUS,Downtown,airport,2024-01-01 19:37:00,50,13.57106824,76,2024-02-04,Saturday,,
TRIP0819,bus,Central,South Point,2024-01-01 19:38:00,6,46.98388973,133,2024-02-04,Monday,,
TRIP0820,BUS,Central,South Point,2024-01-01 19:39:00,59,32.00052694,176,2024-02-04,Thursday,,
TRIP0821,FERRY, Central ,West End,2024-01-01 19:40:00,15,16.56333411,91,2024-02-04,Tuesday,,
TRIP0822,bus,Airport,North Station,2024-01-01 19:41:00,30,,100,2024-02-04,Wednesday,,
TRIP0823,train,Downtown,Central,2024-01-01 19:42:00,42,9.950865961,79,2024-02-04,Friday,,
TRIP0824,bus, Central ,Downtown,2024-01-01 19:43:00,37,34.88472747,171,2024-02-04,Friday,,
TRIP0825,Ferry,North Station,South Point,2024-01-01 19:44:00,42,11.32642284,58,2024-02-04,Tuesday,,
TRIP0826,Tram,Central,Downtown,2024-01-01 19:45:00,35,29.96751166,92,2024-02-04,Saturday,,
TRIP0827,bus,North Station,Airport,2024-01-01 19:46:00,,13.59943383,161,2024-02-04,Monday,,
TRIP0828,Tram,North Station,West End,2024-01-01 19:47:00,6,33.26746277,58,2024-02-04,Wednesday,,
TRIP0829,Ferry,South Point,Downtown,2024-01-01 19:48:00,68,,,2024-02-04,Sunday,,
TRIP0830,Ferry,Downtown,West End,2024-01-01 19:49:00,18,39.01224954,103,2024-02-04,Thursday,,
TRIP0831,Tram,Central,Downtown,2024-01-01 19:50:00,73,38.16214088,24,2024-02-04,Tuesday,,
TRIP0832,Bus,North Station,Central,2024-01-01 19:51:00,29,9.792259082,50,2024-02-04,Wednesday,,
TRIP0833,Train,Central,Central,2024-01-01 19:52:00,77,4.875054876,131,2024-02-04,Wednesday,,
TRIP0834,FERRY,West End,Central,2024-01-01 19:53:00,59,35.09796701,62,2024-02-04,Saturday,,
TRIP0835,fErry,South Point,Central,2024-01-01 19:54:00,47,18.73318708,115,2024-02-04,Thursday,,
TRIP0836,Bus,West End,Central,2024-01-01 19:55:00,17,21.90113821,133,2024-02-04,Wednesday,,
TRIP0837,train,Central,Central,2024-01-01 19:56:00,96,2.041880093,85,2024-02-04,Saturday,,
TRIP0838,FERRY,Central,West End,2024-01-01 19:57:00,22,13.34903424,161,2024-02-04,Monday,,
TRIP0839,FERRY,Downtown,South Point,2024-01-01 19:58:00,68,2.166981992,88,2024-02-04,Saturday,,
TRIP0840,Bus, Central ,Downtown,2024-01-01 19:59:00,69,44.01969574,74,2024-02-04,Monday,,
TRIP0841,bus,North Station,Central,2024-01-01 20:00:00,37,12.54813582,,2024-02-05,Monday,,
TRIP0842,train,West End,West End,2024-01-01 20:01:00,49,28.08818989,33,2024-02-05,Sunday,,
TRIP0843,train,South Point,West End,2024-01-01 20:02:00,13,2.429476373,116,2024-02-05,Sunday,,
TRIP0844,BUS,Airport,West End,2024-01-01 20:03:00,34,,165,2024-02-05,Wednesday,,
TRIP0845,FERRY,North Station,South Point,2024-01-01 20:04:00,86,16.48985361,135,2024-02-05,Saturday,,
TRIP0846,Bus,Downtown,Downtown,2024-01-01 20:05:00,53,44.94699975,167,2024-02-05,Sunday,,
TRIP0847,Ferry,West End,South Point,2024-01-01 20:06:00,,44.46185035,112,2024-02-05,Monday,,
TRIP0848,Tram,West End,North Station,2024-01-01 20:07:00,51,16.60188561,113,2024-02-05,Sunday,,
TRIP0849,Train,Airport,West End,2024-01-01 20:08:00,3,45.09756434,24,2024-02-05,Thursday,,
TRIP0850,train,Downtown,North Station,2024-01-01 20:09:00,42,49.80980484,77,2024-02-05,Wednesday,,
TRIP0851,Tram,South Point,Airport,2024-01-01 20:10:00,98,41.35807537,171,2024-02-05,Saturday,,
TRIP0852,Tram,Downtown,Central,2024-01-01 20:11:00,32,42.32113171,8,2024-02-05,Saturday,,
TRIP0853,bus,South Point,Central,2024-01-01 20:12:00,51,12.82593244,23,2024-02-05,Friday,,
TRIP0854,Train,Downtown,South Point,2024-01-01 20:13:00,85,29.04676874,106,2024-02-05,Saturday,,
TRIP0855,Tram,Downtown,Downtown,2024-01-01 20:14:00,46,3.829167741,177,2024-02-05,Wednesday,,
TRIP0856,Tram,Central,North Station,2024-01-01 20:15:00,21,5.198437873,,2024-02-05,Thursday,,
TRIP0857,Train,West End,Downtown,2024-01-01 20:16:00,44,49.9451843,145,2024-02-05,Saturday,,
TRIP0858,Train,Downtown,South Point,2024-01-01 20:17:00,11,,,2024-02-05,Friday,,
TRIP0859,Tram,Airport,Central,2024-01-01 20:18:00,,37.53510365,90,2024-02-05,Wednesday,,
TRIP0860,BUS,Downtown,Downtown,2024-01-01 20:19:00,,40.42992012,56,2024-02-05,Monday,,
TRIP0861,Tram,North Station,Downtown,2024-01-01 20:20:00,92,,115,2024-02-05,Tuesday,,
TRIP0862,BUS,West End,Central,2024-01-01 20:21:00,63,49.88260072,113,2024-02-05,Tuesday,,
TRIP0863,bus,North Station,North Station,2024-01-01 20:22:00,24,12.45407602,90,2024-02-05,Monday,,
TRIP0864,Bus,West End,Central,2024-01-01 20:23:00,99,2.49736593,47,2024-02-05,Sunday,,
TRIP0865,fErry,North Station,Downtown,2024-01-01 20:24:00,13,20.85398014,46,2024-02-06,Saturday,,
TRIP0866,Ferry,Downtown,North Station,2024-01-01 20:25:00,98,6.938993157,94,2024-02-06,Tuesday,,
TRIP0867,train,Downtown,airport,2024-01-01 20:26:00,11,1.610081514,119,2024-02-06,Sunday,,
TRIP0868,FERRY,Central,Central,2024-01-01 20:27:00,51,18.34112794,30,2024-02-06,Tuesday,,
TRIP0869,Bus,Airport,Downtown,2024-01-01 20:28:00,17,39.29504343,155,2024-02-06,Monday,,
TRIP0870,Bus,North Station,South Point,2024-01-01 20:29:00,99,28.52594422,47,2024-02-06,Saturday,,
TRIP0871,Bus,South Point,Downtown,2024-01-01 20:30:00,82,15.98251047,81,2024-02-06,Saturday,,
TRIP0872,bus,Central,West End,2024-01-01 20:31:00,86,32.88992927,,2024-02-06,Sunday,,
TRIP0873,Tram,North Station,Airport,2024-01-01 20:32:00,,,,2024-02-06,Monday,,
TRIP0874,bus,North Station,South Point,2024-01-01 20:33:00,19,1.211881581,24,2024-02-06,Sunday,,
TRIP0875,Tram,Central,North Station,2024-01-01 20:34:00,37,,43,2024-02-06,Saturday,,
TRIP0876,bus,Downtown,South Point,2024-01-01 20:35:00,,31.3752827,16,2024-02-06,Saturday,,
TRIP0877,bus,North Station,North Station,2024-01-01 20:36:00,8,38.23397991,15,2024-02-06,Wednesday,,
TRIP0878,train,Downtown,North Station,2024-01-01 20:37:00,28,2.427431826,158,2024-02-06,Sunday,,
TRIP0879,Ferry,Central,South Point,2024-01-01 20:38:00,5,41.93742158,46,2024-02-06,Wednesday,,
TRIP0880,bus,Downtown,North Station,2024-01-01 20:39:00,17,31.1665469,,2024-02-06,Monday,,
TRIP0881,train,West End,North Station,2024-01-01 20:40:00,36,28.38806986,,2024-02-06,Thursday,,
TRIP0882,Train,South Point,West End,2024-01-01 20:41:00,19,31.41839538,42,2024-02-06,Tuesday,,
TRIP0883,Ferry,North Station,Downtown,2024-01-01 20:42:00,64,,102,2024-02-06,Wednesday,,
TRIP0884,bus,Airport,Downtown,2024-01-01 20:43:00,91,29.55335707,175,2024-02-06,Tuesday,,
TRIP0885,FERRY,South Point,Airport,2024-01-01 20:44:00,98,29.2570438,23,2024-02-06,Friday,,
TRIP0886,Bus,Downtown,Airport,2024-01-01 20:45:00,11,49.53861827,138,2024-02-06,Monday,,
TRIP0887,Train,North Station,West End,2024-01-01 20:46:00,54,37.95814327,178,2024-02-06,Thursday,,
TRIP0888,Train,Downtown,Airport,2024-01-01 20:47:00,45,22.39354337,120,2024-02-06,Friday,,
TRIP0889,train, Central ,South Point,2024-01-01 20:48:00,47,35.5161515,117,2024-02-07,Friday,,
TRIP0890,Train,Central,Central,2024-01-01 20:49:00,12,19.76690835,174,2024-02-07,Saturday,,
TRIP0891,Ferry,North Station,Central,2024-01-01 20:50:00,21,11.82933539,69,2024-02-07,Friday,,
TRIP0892,bus,West End,Central,2024-01-01 20:51:00,11,30.04416791,103,2024-02-07,Monday,,
TRIP0893,bus,West End,West End,2024-01-01 20:52:00,92,46.44501386,76,2024-02-07,Wednesday,,
TRIP0894,FERRY,North Station,West End,2024-01-01 20:53:00,5,46.49240624,56,2024-02-07,Monday,,
TRIP0895,Bus,Downtown,North Station,2024-01-01 20:54:00,81,,122,2024-02-07,Wednesday,,
TRIP0896,train,Airport,Central,2024-01-01 20:55:00,56,26.62003458,179,2024-02-07,Friday,,
TRIP0897,Bus,West End,South Point,2024-01-01 20:56:00,20,10.97597698,124,2024-02-07,Friday,,
TRIP0898,Train,South Point,Airport,2024-01-01 20:57:00,41,49.78373992,11,2024-02-07,Thursday,,
TRIP0899,fErry,West End,South Point,2024-01-01 20:58:00,46,49.06533644,15,2024-02-07,Wednesday,,
TRIP0900,Bus,Airport,Airport,2024-01-01 20:59:00,12,32.65069202,,2024-02-07,Friday,,
TRIP0901,Ferry,Downtown,Central,2024-01-01 21:00:00,70,40.31849595,,2024-02-07,Saturday,,
TRIP0902,bus,Downtown,Central,2024-01-01 21:01:00,17,35.89745798,72,2024-02-07,Tuesday,,
TRIP0903,BUS,South Point,Central,2024-01-01 21:02:00,19,29.86133184,157,2024-02-07,Thursday,,
TRIP0904,FERRY,West End,West End,2024-01-01 21:03:00,26,3.140725851,144,2024-02-07,Monday,,
TRIP0905,Bus,Downtown,Airport,2024-01-01 21:04:00,48,23.01083496,158,2024-02-07,Thursday,,
TRIP0906,train,Airport,West End,2024-01-01 21:05:00,52,33.90192196,106,2024-02-07,Tuesday,,
TRIP0907,Ferry,North Station,West End,2024-01-01 21:06:00,,34.03781489,114,2024-02-07,Wednesday,,
TRIP0908,Ferry,Central,Downtown,2024-01-01 21:07:00,70,,,2024-02-07,Monday,,
TRIP0909,Bus,Central,South Point,2024-01-01 21:08:00,55,47.11375334,175,2024-02-07,Monday,,
TRIP0910,bus,Central,South Point,2024-01-01 21:09:00,75,8.784173096,55,2024-02-07,Wednesday,,
TRIP0911,Bus,West End,North Station,2024-01-01 21:10:00,33,25.26779259,,2024-02-07,Sunday,,
TRIP0912,Train,South Point,West End,2024-01-01 21:11:00,62,34.69875684,169,2024-02-07,Sunday,,
TRIP0913,Bus,Downtown,Airport,2024-01-01 21:12:00,88,35.00822239,50,2024-02-08,Thursday,,
TRIP0914,Ferry,North Station,Downtown,2024-01-01 21:13:00,23,32.60762836,57,2024-02-08,Friday,,
TRIP0915,fErry,Airport,Downtown,2024-01-01 21:14:00,15,,92,2024-02-08,Sunday,,
TRIP0916,Bus,North Station,South Point,2024-01-01 21:15:00,27,8.23222515,125,2024-02-08,Thursday,,
TRIP0917,bus,Airport,West End,2024-01-01 21:16:00,75,31.97904618,17,2024-02-08,Sunday,,
TRIP0918,FERRY,West End,airport,2024-01-01 21:17:00,64,30.16545475,93,2024-02-08,Tuesday,,
TRIP0919,train,Central,West End,2024-01-01 21:18:00,81,9.378122509,,2024-02-08,Saturday,,
TRIP0920,Tram,West End,Central,2024-01-01 21:19:00,51,35.40438771,122,2024-02-08,Friday,,
TRIP0921,BUS,South Point,West End,2024-01-01 21:20:00,53,23.03101359,58,2024-02-08,Thursday,,
TRIP0922,bus,South Point,Central,2024-01-01 21:21:00,78,33.55414928,120,2024-02-08,Saturday,,
TRIP0923,FERRY,Airport,Central,2024-01-01 21:22:00,91,41.94967045,122,2024-02-08,Saturday,,
TRIP0924,bus,Downtown,North Station,2024-01-01 21:23:00,82,8.901557215,8,2024-02-08,Sunday,,
TRIP0925,train,Downtown,Airport,2024-01-01 21:24:00,92,1.447670966,79,2024-02-08,Wednesday,,
TRIP0926,Ferry,Airport,South Point,2024-01-01 21:25:00,,39.06557803,53,2024-02-08,Tuesday,,
TRIP0927,bus,South Point,West End,2024-01-01 21:26:00,47,30.68002255,11,2024-02-08,Tuesday,,
TRIP0928,FERRY,South Point,Central,2024-01-01 21:27:00,4,35.1321587,114,2024-02-08,Tuesday,,
TRIP0929,bus,South Point,West End,2024-01-01 21:28:00,7,,126,2024-02-08,Friday,,
TRIP0930,bus,West End,Airport,2024-01-01 21:29:00,35,40.23914127,15,2024-02-08,Monday,,
TRIP0931,bus,South Point,South Point,2024-01-01 21:30:00,48,48.06554727,96,2024-02-08,Friday,,
TRIP0932,Train,North Station,Airport,2024-01-01 21:31:00,73,27.0287864,177,2024-02-08,Thursday,,
TRIP0933,Train,Central,South Point,2024-01-01 21:32:00,72,,27,2024-02-08,Saturday,,
TRIP0934,Ferry,South Point,Downtown,2024-01-01 21:33:00,,20.39341639,32,2024-02-08,Saturday,,
TRIP0935,Bus,Airport,South Point,2024-01-01 21:34:00,81,8.107706621,115,2024-02-08,Monday,,
TRIP0936,bus,Central,North Station,2024-01-01 21:35:00,81,28.84405803,61,2024-02-08,Thursday,,
TRIP0937,train,West End,Airport,2024-01-01 21:36:00,97,14.21211995,30,2024-02-09,Monday,,
TRIP0938,Bus,Airport,Central,2024-01-01 21:37:00,96,46.10472185,157,2024-02-09,Saturday,,
TRIP0939,train,Central,Downtown,2024-01-01 21:38:00,72,29.36794481,,2024-02-09,Sunday,,
TRIP0940,Bus,Airport,North Station,2024-01-01 21:39:00,19,29.84558894,33,2024-02-09,Friday,,
TRIP0941,Ferry,West End,West End,2024-01-01 21:40:00,63,18.06877071,101,2024-02-09,Tuesday,,
TRIP0942,bus,North Station,Airport,2024-01-01 21:41:00,38,3.073472923,168,2024-02-09,Saturday,,
TRIP0943,bus,West End,Central,2024-01-01 21:42:00,67,2.071316386,18,2024-02-09,Wednesday,,
TRIP0944,Tram,West End,South Point,2024-01-01 21:43:00,59,21.45508964,82,2024-02-09,Tuesday,,
TRIP0945,train,Airport,Central,2024-01-01 21:44:00,,4.685986216,39,2024-02-09,Saturday,,
TRIP0946,Bus,Downtown,West End,2024-01-01 21:45:00,13,30.5389243,34,2024-02-09,Friday,,
TRIP0947,Bus,South Point,Downtown,2024-01-01 21:46:00,47,44.10816378,96,2024-02-09,Monday,,
TRIP0948,Train,South Point,Downtown,2024-01-01 21:47:00,61,44.20428342,21,2024-02-09,Sunday,,
TRIP0949,Tram,North Station,Airport,2024-01-01 21:48:00,31,33.1227478,162,2024-02-09,Sunday,,
TRIP0950,FERRY,North Station,Downtown,2024-01-01 21:49:00,80,10.95597566,97,2024-02-09,Tuesday,,
TRIP0951,FERRY,South Point,Airport,2024-01-01 21:50:00,96,43.21834315,177,2024-02-09,Friday,,
TRIP0952,Train, Central ,Airport,2024-01-01 21:51:00,,44.36162505,83,2024-02-09,Sunday,,
TRIP0953,fErry,South Point,Airport,2024-01-01 21:52:00,93,10.23435246,114,2024-02-09,Sunday,,
TRIP0954,Train, Central ,airport,2024-01-01 21:53:00,86,,106,2024-02-09,Thursday,,
TRIP0955,train,North Station,North Station,2024-01-01 21:54:00,43,,110,2024-02-09,Wednesday,,
TRIP0956,fErry,Central,Airport,2024-01-01 21:55:00,67,40.23069546,51,2024-02-09,Tuesday,,
TRIP0957,Ferry,Airport,Airport,2024-01-01 21:56:00,54,49.86327605,68,2024-02-09,Monday,,
TRIP0958,Ferry,North Station,North Station,2024-01-01 21:57:00,10,1.986287264,170,2024-02-09,Sunday,,
TRIP0959,Train,North Station,Central,2024-01-01 21:58:00,,44.91961036,,2024-02-09,Thursday,,
TRIP0960,Tram,West End,Airport,2024-01-01 21:59:00,64,31.32021141,91,2024-02-09,Friday,,
TRIP0961,Bus,West End,airport,2024-01-01 22:00:00,21,48.68243965,11,2024-02-10,Sunday,,
TRIP0962,fErry,West End,Downtown,2024-01-01 22:01:00,80,23.51797112,26,2024-02-10,Wednesday,,
TRIP0963,Tram,Airport,Downtown,2024-01-01 22:02:00,76,42.44570256,85,2024-02-10,Monday,,
TRIP0964,bus,West End,West End,2024-01-01 22:03:00,66,,173,2024-02-10,Friday,,
TRIP0965,fErry,Downtown,West End,2024-01-01 22:04:00,41,17.09631298,78,2024-02-10,Friday,,
TRIP0966,train,South Point,Downtown,2024-01-01 22:05:00,24,3.817318619,,2024-02-10,Tuesday,,
TRIP0967,Ferry,Central,Downtown,2024-01-01 22:06:00,35,48.77948511,139,2024-02-10,Sunday,,
TRIP0968,fErry,North Station,South Point,2024-01-01 22:07:00,56,40.94020841,129,2024-02-10,Tuesday,,
TRIP0969,Bus,Downtown,North Station,2024-01-01 22:08:00,30,42.70109735,54,2024-02-10,Monday,,
TRIP0970,BUS,Central,West End,2024-01-01 22:09:00,57,46.92927896,56,2024-02-10,Sunday,,
TRIP0971,FERRY,Downtown,North Station,2024-01-01 22:10:00,94,4.712622563,165,2024-02-10,Saturday,,
TRIP0972,BUS,Downtown,South Point,2024-01-01 22:11:00,47,19.58708083,5,2024-02-10,Sunday,,
TRIP0973,FERRY,North Station,Downtown,2024-01-01 22:12:00,35,4.016227008,166,2024-02-10,Saturday,,
TRIP0974,bus,South Point,Airport,2024-01-01 22:13:00,19,10.93425853,,2024-02-10,Friday,,
TRIP0975,fErry,West End,North Station,2024-01-01 22:14:00,,11.85360596,149,2024-02-10,Tuesday,,
TRIP0976,train,Airport,Downtown,2024-01-01 22:15:00,26,23.72080695,136,2024-02-10,Wednesday,,
TRIP0977,Train,South Point,Downtown,2024-01-01 22:16:00,71,13.79382729,,2024-02-10,Sunday,,
TRIP0978,Ferry,Airport,Central,2024-01-01 22:17:00,30,5.498416287,8,2024-02-10,Wednesday,,
TRIP0979,Ferry,North Station,North Station,2024-01-01 22:18:00,7,8.79080891,5,2024-02-10,Sunday,,
TRIP0980,FERRY,North Station,Airport,2024-01-01 22:19:00,,7.790140396,75,2024-02-10,Friday,,
TRIP0981,train, Central ,North Station,2024-01-01 22:20:00,65,48.6673015,39,2024-02-10,Tuesday,,
TRIP0982,Tram,Central,Downtown,2024-01-01 22:21:00,36,38.08497909,12,2024-02-10,Monday,,
TRIP0983,Train,Airport,Airport,2024-01-01 22:22:00,25,48.40419253,,2024-02-10,Monday,,
TRIP0984,train,South Point,South Point,2024-01-01 22:23:00,37,22.26715408,40,2024-02-10,Monday,,
TRIP0985,Train,South Point,Central,2024-01-01 22:24:00,1,14.27923984,,2024-02-11,Sunday,,
TRIP0986,Train,Downtown,Downtown,2024-01-01 22:25:00,15,,47,2024-02-11,Sunday,,
TRIP0987,Train,Downtown,West End,2024-01-01 22:26:00,37,16.64956894,31,2024-02-11,Wednesday,,
TRIP0988,train,Downtown,West End,2024-01-01 22:27:00,13,15.319477,36,2024-02-11,Tuesday,,
TRIP0989,FERRY,North Station,Central,2024-01-01 22:28:00,8,12.00904661,82,2024-02-11,Sunday,,
TRIP0990,Ferry,South Point,South Point,2024-01-01 22:29:00,5,6.919109422,125,2024-02-11,Tuesday,,
TRIP0991,Ferry,Airport,Downtown,2024-01-01 22:30:00,60,13.19492152,150,2024-02-11,Wednesday,,
TRIP0992,FERRY,North Station,North Station,2024-01-01 22:31:00,73,18.08832755,160,2024-02-11,Sunday,,
TRIP0993,BUS, Central ,Central,2024-01-01 22:32:00,1,33.8627133,161,2024-02-11,Monday,,
TRIP0994,Tram,Downtown,South Point,2024-01-01 22:33:00,36,3.59695969,20,2024-02-11,Monday,,
TRIP0995,Bus,North Station,airport,2024-01-01 22:34:00,35,10.92009351,103,2024-02-11,Friday,,
TRIP0996,train,North Station,West End,2024-01-01 22:35:00,,40.54667019,51,2024-02-11,Saturday,,
TRIP0997,Bus,Central,West End,2024-01-01 22:36:00,63,7.772635217,35,2024-02-11,Thursday,,
TRIP0998,FERRY,West End,North Station,2024-01-01 22:37:00,23,,8,2024-02-11,Saturday,,
TRIP0999,Tram,South Point,Central,2024-01-01 22:38:00,9,43.30061663,169,2024-02-11,Sunday,,
TRIP1000,train,Airport,West End,2024-01-01 22:39:00,34,8.168802902,21,2024-02-11,Tuesday,,